1000,"(0, 1, 1)"
1001,"(1, 0, 0)"
1002,"(1, 1, 2)"
1003,"(0, 1, 1)"
1004,"(2, 0, 2)"
1005,"(0, 1, 1)"
1006,"(2, 0, 2)"
1009,"(0, 0, 2)"
1013,"(2, 1, 1)"
1014,"(0, 1, 1)"
1015,"(0, 0, 2)"
1016,"(1, 1, 2)"
1018,"(2, 0, 2)"
1019,"(2, 1, 2)"
1020,"(0, 1, 1)"
1021,"(2, 0, 2)"
1022,"(2, 1, 1)"
1024,"(1, 0, 1)"
1026,"(1, 0, 2)"
1027,"(2, 0, 1)"
1028,"(2, 0, 2)"
1030,"(2, 1, 2)"
1031,"(2, 1, 2)"
1032,"(1, 0, 1)"
1033,"(0, 1, 2)"
1035,"(0, 1, 2)"
1036,"(2, 0, 0)"
1037,"(2, 0, 1)"
1039,"(2, 1, 2)"
1041,"(1, 1, 1)"
1042,"(0, 1, 2)"
1044,"(1, 1, 2)"
1045,"(1, 0, 2)"
1047,"(0, 0, 2)"
1049,"(0, 1, 1)"
1050,"(1, 0, 1)"
1052,"(0, 1, 1)"
1053,"(2, 0, 2)"
1054,"(2, 0, 1)"
1055,"(1, 1, 1)"
1056,"(2, 0, 2)"
1057,"(1, 1, 2)"
1058,"(0, 1, 2)"
1059,"(1, 1, 2)"
1060,"(0, 1, 2)"
1061,"(1, 0, 1)"
1062,"(0, 1, 1)"
1063,"(0, 1, 2)"
1064,"(2, 1, 1)"
1065,"(2, 0, 1)"
1067,"(0, 1, 1)"
1069,"(1, 0, 0)"
1071,"(0, 1, 2)"
1072,"(0, 1, 2)"
1073,"(1, 1, 2)"
1074,"(1, 0, 2)"
1075,"(0, 1, 2)"
1076,"(1, 1, 2)"
1077,"(2, 1, 1)"
1079,"(0, 1, 2)"
1081,"(1, 1, 2)"
1082,"(2, 0, 1)"
1083,"(1, 0, 2)"
1084,"(2, 0, 2)"
1085,"(1, 1, 1)"
1086,"(2, 1, 2)"
1087,"(0, 1, 2)"
1088,"(2, 1, 1)"
1091,"(2, 1, 2)"
1092,"(2, 0, 2)"
1093,"(0, 1, 1)"
1095,"(0, 1, 2)"
1096,"(1, 1, 2)"
1097,"(1, 0, 2)"
1098,"(1, 0, 1)"
1099,"(0, 1, 2)"
1101,"(1, 0, 0)"
1102,"(2, 0, 2)"
1105,"(2, 1, 1)"
1107,"(1, 1, 2)"
1108,"(2, 1, 2)"
1109,"(2, 0, 2)"
1110,"(0, 1, 2)"
1113,"(1, 0, 2)"
1115,"(1, 1, 2)"
1117,"(0, 1, 1)"
1118,"(2, 0, 2)"
1119,"(1, 1, 1)"
1120,"(2, 0, 0)"
1121,"(2, 1, 2)"
1122,"(0, 1, 2)"
1123,"(0, 0, 2)"
1124,"(1, 0, 2)"
1126,"(0, 0, 2)"
1128,"(0, 1, 2)"
1130,"(0, 1, 1)"
1132,"(0, 0, 2)"
1133,"(0, 1, 2)"
1136,"(2, 1, 1)"
1138,"(0, 1, 2)"
1139,"(0, 1, 2)"
1140,"(0, 1, 2)"
1141,"(0, 1, 1)"
1142,"(1, 0, 1)"
1143,"(0, 1, 2)"
1144,"(0, 0, 2)"
1146,"(2, 0, 2)"
1147,"(2, 1, 1)"
1148,"(0, 1, 1)"
1153,"(0, 1, 1)"
1154,"(2, 1, 1)"
1155,"(0, 1, 2)"
1156,"(2, 1, 2)"
1157,"(0, 1, 2)"
1160,"(1, 1, 1)"
1161,"(0, 0, 2)"
1163,"(2, 0, 2)"
1164,"(2, 0, 2)"
1165,"(1, 0, 2)"
1168,"(0, 1, 2)"
1170,"(1, 1, 2)"
1171,"(0, 1, 1)"
1172,"(1, 0, 2)"
1174,"(2, 1, 2)"
1175,"(1, 0, 2)"
1177,"(2, 1, 2)"
1178,"(0, 1, 2)"
1180,"(0, 1, 2)"
1182,"(0, 0, 2)"
1183,"(1, 0, 2)"
1184,"(2, 0, 1)"
1185,"(1, 1, 2)"
1188,"(1, 1, 2)"
1191,"(1, 0, 2)"
1195,"(0, 2, 1)"
1196,"(0, 1, 2)"
1197,"(2, 1, 1)"
1198,"(0, 1, 1)"
1199,"(1, 1, 1)"
1200,"(0, 1, 2)"
1201,"(1, 1, 2)"
1202,"(2, 1, 1)"
1203,"(2, 0, 2)"
1204,"(0, 1, 2)"
1210,"(2, 1, 1)"
1212,"(0, 1, 2)"
1214,"(0, 0, 2)"
1215,"(0, 1, 2)"
1217,"(0, 0, 2)"
1218,"(2, 0, 2)"
1219,"(2, 0, 1)"
1220,"(0, 0, 2)"
1222,"(0, 1, 2)"
1223,"(0, 1, 1)"
1224,"(0, 1, 2)"
1225,"(2, 1, 1)"
1227,"(1, 0, 2)"
1228,"(1, 0, 2)"
1229,"(0, 1, 2)"
1230,"(1, 1, 2)"
1231,"(0, 1, 2)"
1232,"(2, 1, 1)"
1233,"(1, 1, 2)"
1234,"(0, 1, 1)"
1235,"(2, 1, 1)"
1236,"(0, 1, 1)"
1239,"(2, 0, 2)"
1241,"(1, 0, 1)"
1247,"(0, 1, 2)"
1248,"(0, 1, 2)"
1249,"(0, 2, 1)"
1254,"(1, 0, 2)"
1255,"(0, 0, 2)"
1257,"(2, 0, 1)"
1258,"(2, 1, 1)"
1259,"(2, 0, 2)"
1260,"(0, 1, 2)"
1262,"(2, 0, 1)"
1263,"(0, 1, 2)"
1264,"(0, 1, 2)"
1265,"(1, 1, 1)"
1269,"(0, 1, 2)"
1270,"(0, 1, 1)"
1271,"(0, 1, 2)"
1273,"(2, 0, 2)"
1274,"(0, 1, 1)"
1276,"(0, 1, 2)"
1277,"(2, 1, 2)"
1278,"(0, 1, 2)"
1280,"(1, 0, 1)"
1281,"(1, 0, 2)"
1283,"(1, 1, 1)"
1284,"(2, 1, 2)"
1285,"(2, 0, 1)"
1286,"(2, 0, 2)"
1288,"(1, 0, 2)"
1290,"(2, 0, 2)"
1292,"(2, 0, 1)"
1293,"(2, 1, 2)"
1296,"(0, 1, 2)"
1297,"(2, 1, 1)"
1299,"(0, 1, 2)"
1300,"(0, 0, 2)"
1301,"(2, 0, 2)"
1302,"(2, 0, 1)"
1303,"(1, 1, 2)"
1304,"(2, 1, 2)"
1305,"(1, 0, 2)"
1307,"(2, 0, 1)"
1309,"(2, 0, 2)"
1312,"(2, 0, 2)"
1315,"(0, 1, 2)"
1316,"(1, 0, 2)"
1317,"(0, 0, 2)"
1318,"(0, 1, 2)"
1319,"(1, 0, 2)"
1321,"(0, 1, 2)"
1322,"(0, 1, 1)"
1324,"(0, 1, 1)"
1327,"(0, 1, 1)"
1328,"(0, 1, 1)"
1329,"(1, 0, 1)"
1330,"(1, 1, 2)"
1331,"(1, 0, 2)"
1332,"(0, 1, 2)"
1333,"(1, 0, 0)"
1334,"(1, 1, 2)"
1336,"(0, 0, 2)"
1337,"(0, 1, 1)"
1338,"(1, 1, 2)"
1339,"(0, 1, 2)"
1341,"(0, 1, 1)"
1342,"(0, 1, 1)"
1343,"(2, 0, 0)"
1345,"(2, 1, 2)"
1346,"(2, 1, 2)"
1347,"(2, 0, 2)"
1349,"(1, 0, 1)"
1350,"(1, 1, 2)"
1353,"(2, 1, 1)"
1356,"(2, 0, 0)"
1359,"(2, 1, 1)"
1360,"(0, 1, 2)"
1361,"(1, 0, 1)"
1362,"(2, 0, 1)"
1363,"(2, 0, 2)"
1364,"(1, 1, 2)"
1365,"(2, 0, 2)"
1366,"(2, 0, 2)"
1367,"(0, 0, 2)"
1369,"(2, 0, 2)"
1370,"(2, 0, 2)"
1371,"(0, 0, 2)"
1372,"(2, 0, 1)"
1373,"(0, 1, 2)"
1374,"(0, 1, 1)"
1375,"(1, 0, 2)"
1376,"(1, 0, 2)"
1378,"(2, 1, 2)"
1380,"(0, 1, 2)"
1381,"(2, 0, 2)"
1382,"(2, 1, 1)"
1385,"(1, 0, 1)"
1386,"(2, 1, 2)"
1387,"(2, 1, 2)"
1388,"(2, 1, 1)"
1389,"(2, 0, 2)"
1390,"(0, 1, 2)"
1391,"(1, 1, 2)"
1393,"(2, 1, 2)"
1398,"(0, 1, 1)"
1400,"(2, 0, 1)"
1401,"(2, 0, 2)"
1402,"(2, 1, 1)"
1404,"(1, 1, 1)"
1405,"(1, 0, 1)"
1406,"(0, 1, 2)"
1407,"(0, 1, 2)"
1410,"(2, 1, 2)"
1411,"(2, 0, 2)"
1412,"(2, 1, 1)"
1413,"(2, 1, 1)"
1414,"(2, 0, 2)"
1415,"(0, 0, 2)"
1416,"(0, 1, 1)"
1417,"(1, 0, 0)"
1418,"(2, 0, 2)"
1421,"(0, 1, 2)"
1423,"(1, 1, 2)"
1425,"(2, 1, 2)"
1426,"(0, 1, 1)"
1427,"(1, 0, 2)"
1428,"(0, 1, 1)"
1429,"(2, 1, 1)"
1430,"(2, 1, 2)"
1431,"(2, 1, 1)"
1432,"(2, 1, 1)"
1435,"(2, 1, 1)"
1438,"(0, 0, 2)"
1439,"(2, 1, 2)"
1440,"(2, 1, 2)"
1441,"(2, 1, 1)"
1443,"(1, 0, 1)"
1444,"(1, 0, 2)"
1446,"(2, 1, 2)"
1447,"(1, 1, 1)"
1450,"(2, 0, 2)"
1452,"(1, 0, 2)"
1453,"(0, 1, 2)"
1454,"(2, 1, 2)"
1456,"(0, 0, 2)"
1457,"(1, 0, 2)"
1458,"(1, 0, 1)"
1459,"(1, 1, 1)"
1461,"(1, 1, 2)"
1462,"(0, 1, 2)"
1463,"(1, 0, 1)"
1464,"(2, 0, 1)"
1465,"(2, 1, 2)"
1468,"(2, 1, 2)"
1469,"(0, 1, 2)"
1471,"(0, 1, 2)"
1472,"(0, 1, 1)"
1473,"(0, 1, 2)"
1474,"(0, 1, 2)"
1475,"(0, 1, 2)"
1476,"(0, 1, 2)"
1477,"(2, 1, 1)"
1478,"(2, 0, 1)"
1479,"(2, 0, 1)"
1480,"(2, 0, 0)"
1481,"(1, 0, 2)"
1482,"(0, 1, 2)"
1484,"(2, 1, 2)"
1485,"(1, 0, 2)"
1487,"(1, 1, 2)"
1488,"(2, 1, 1)"
1491,"(0, 1, 2)"
1492,"(0, 1, 1)"
1493,"(0, 0, 2)"
1494,"(2, 0, 2)"
1495,"(2, 0, 0)"
1496,"(0, 1, 2)"
1497,"(1, 1, 2)"
1498,"(2, 1, 1)"
1499,"(1, 1, 2)"
1502,"(0, 1, 1)"
1503,"(1, 0, 2)"
1507,"(0, 0, 1)"
1510,"(0, 1, 1)"
1514,"(1, 0, 2)"
1515,"(2, 0, 2)"
1516,"(2, 0, 1)"
1517,"(0, 1, 2)"
1518,"(2, 0, 2)"
1520,"(2, 0, 2)"
1521,"(2, 0, 1)"
1522,"(2, 0, 2)"
1523,"(1, 0, 0)"
1524,"(2, 0, 1)"
1525,"(2, 0, 2)"
1526,"(2, 1, 1)"
1527,"(0, 1, 1)"
1528,"(1, 1, 1)"
1529,"(0, 1, 2)"
1530,"(2, 1, 1)"
1531,"(2, 0, 2)"
1532,"(1, 1, 1)"
1533,"(2, 0, 2)"
1534,"(2, 1, 2)"
1535,"(1, 1, 2)"
1537,"(1, 0, 1)"
1539,"(2, 0, 2)"
1540,"(2, 1, 1)"
1541,"(2, 0, 0)"
1542,"(2, 1, 1)"
1545,"(0, 1, 2)"
1546,"(2, 0, 2)"
1548,"(0, 1, 1)"
1549,"(2, 1, 1)"
1550,"(0, 0, 2)"
1551,"(2, 1, 1)"
1554,"(2, 0, 2)"
1555,"(0, 1, 1)"
1556,"(0, 1, 2)"
1557,"(1, 0, 2)"
1558,"(2, 1, 1)"
1559,"(1, 1, 1)"
1560,"(1, 1, 2)"
1561,"(0, 1, 2)"
1562,"(0, 1, 2)"
1563,"(1, 0, 2)"
1565,"(2, 1, 1)"
1566,"(0, 1, 1)"
1567,"(2, 1, 2)"
1569,"(1, 0, 0)"
1573,"(0, 1, 2)"
1575,"(0, 1, 1)"
1576,"(0, 0, 2)"
1577,"(1, 0, 1)"
1580,"(0, 1, 2)"
1581,"(1, 0, 1)"
1583,"(1, 0, 2)"
1584,"(0, 1, 2)"
1585,"(1, 0, 1)"
1586,"(2, 0, 1)"
1587,"(0, 1, 2)"
1590,"(1, 1, 1)"
1591,"(0, 0, 2)"
1592,"(1, 1, 1)"
1593,"(2, 1, 1)"
1594,"(0, 1, 1)"
1596,"(1, 0, 2)"
1598,"(0, 1, 1)"
1599,"(1, 1, 1)"
1600,"(2, 0, 1)"
1603,"(0, 1, 2)"
1606,"(0, 1, 2)"
1607,"(1, 0, 2)"
1608,"(0, 1, 1)"
1609,"(1, 1, 1)"
1610,"(2, 1, 1)"
1611,"(2, 0, 2)"
1612,"(2, 0, 2)"
1613,"(1, 0, 1)"
1614,"(0, 0, 2)"
1615,"(0, 1, 2)"
1617,"(2, 0, 2)"
1618,"(1, 1, 2)"
1619,"(1, 0, 1)"
1622,"(2, 1, 2)"
1624,"(2, 1, 2)"
1625,"(0, 1, 2)"
1626,"(0, 1, 2)"
1627,"(2, 1, 2)"
1628,"(2, 0, 2)"
1629,"(1, 0, 1)"
1630,"(0, 1, 1)"
1631,"(1, 1, 2)"
1632,"(0, 1, 2)"
1633,"(0, 0, 1)"
1634,"(2, 1, 1)"
1635,"(1, 1, 2)"
1636,"(2, 1, 1)"
1637,"(2, 0, 1)"
1638,"(0, 1, 2)"
1639,"(2, 1, 2)"
1642,"(0, 1, 1)"
1643,"(0, 0, 2)"
1645,"(2, 1, 1)"
1646,"(2, 0, 2)"
1647,"(2, 1, 1)"
1648,"(1, 1, 1)"
1649,"(0, 1, 1)"
1651,"(2, 0, 1)"
1652,"(0, 1, 2)"
1653,"(2, 0, 2)"
1654,"(2, 1, 2)"
1655,"(2, 1, 1)"
1656,"(2, 1, 2)"
1657,"(2, 0, 1)"
1658,"(2, 1, 2)"
1659,"(2, 0, 2)"
1660,"(0, 1, 2)"
1661,"(0, 0, 2)"
1664,"(0, 0, 2)"
1667,"(2, 1, 1)"
1668,"(1, 1, 1)"
1669,"(0, 1, 1)"
1670,"(0, 1, 2)"
1672,"(0, 1, 2)"
1673,"(0, 0, 2)"
1674,"(2, 1, 2)"
1676,"(1, 1, 1)"
1679,"(2, 0, 2)"
1680,"(1, 1, 2)"
1681,"(1, 0, 2)"
1682,"(1, 0, 1)"
1683,"(2, 0, 2)"
1684,"(2, 0, 0)"
1686,"(1, 0, 2)"
1687,"(2, 0, 0)"
1688,"(2, 0, 2)"
1689,"(2, 1, 1)"
1690,"(1, 1, 2)"
1691,"(1, 1, 2)"
1692,"(1, 0, 1)"
1693,"(1, 0, 0)"
1694,"(2, 1, 1)"
1695,"(1, 0, 1)"
1697,"(1, 0, 1)"
1698,"(0, 1, 1)"
1700,"(2, 0, 1)"
1701,"(0, 1, 1)"
1702,"(1, 0, 2)"
1704,"(1, 0, 2)"
1706,"(1, 0, 1)"
1708,"(0, 1, 1)"
1709,"(2, 1, 2)"
1710,"(0, 1, 2)"
1711,"(2, 0, 2)"
1713,"(1, 0, 2)"
1715,"(2, 1, 2)"
1717,"(0, 1, 2)"
1718,"(2, 1, 2)"
1719,"(2, 0, 2)"
1720,"(0, 0, 2)"
1722,"(0, 1, 2)"
1724,"(2, 0, 2)"
1725,"(1, 0, 1)"
1726,"(2, 1, 1)"
1727,"(2, 1, 1)"
1728,"(0, 1, 2)"
1729,"(2, 1, 1)"
1730,"(1, 1, 1)"
1731,"(2, 1, 2)"
1732,"(0, 0, 1)"
1734,"(1, 1, 1)"
1736,"(0, 1, 1)"
1737,"(1, 0, 2)"
1740,"(1, 0, 2)"
1741,"(0, 1, 1)"
1742,"(1, 1, 2)"
1743,"(2, 0, 2)"
1744,"(1, 0, 1)"
1745,"(0, 1, 2)"
1746,"(2, 1, 1)"
1747,"(0, 0, 1)"
1748,"(2, 1, 2)"
1749,"(0, 0, 2)"
1750,"(2, 0, 0)"
1751,"(0, 1, 2)"
1752,"(2, 0, 2)"
1753,"(1, 1, 2)"
1754,"(0, 1, 2)"
1756,"(2, 0, 1)"
1757,"(1, 1, 2)"
1758,"(1, 1, 1)"
1760,"(0, 1, 1)"
1761,"(1, 1, 2)"
1762,"(2, 0, 1)"
1763,"(2, 1, 2)"
1764,"(0, 1, 2)"
1766,"(0, 0, 2)"
1767,"(2, 1, 2)"
1768,"(2, 1, 1)"
1769,"(0, 1, 2)"
1770,"(0, 0, 2)"
1773,"(0, 1, 2)"
1776,"(0, 1, 2)"
1777,"(2, 0, 2)"
1779,"(0, 0, 2)"
1780,"(0, 1, 2)"
1781,"(1, 0, 1)"
1782,"(1, 1, 2)"
1783,"(2, 1, 1)"
1784,"(2, 1, 1)"
1786,"(1, 1, 2)"
1787,"(0, 0, 2)"
1788,"(1, 1, 2)"
1790,"(1, 1, 1)"
1791,"(2, 0, 2)"
1793,"(2, 1, 1)"
1794,"(0, 1, 2)"
1795,"(1, 1, 1)"
1797,"(2, 1, 1)"
1798,"(2, 1, 1)"
1800,"(2, 1, 2)"
1802,"(0, 1, 1)"
1803,"(2, 0, 2)"
1804,"(1, 0, 1)"
1806,"(0, 1, 2)"
1807,"(0, 1, 2)"
1808,"(2, 1, 2)"
1809,"(2, 1, 2)"
1810,"(0, 1, 2)"
1811,"(2, 0, 1)"
1812,"(1, 1, 2)"
1814,"(0, 1, 2)"
1815,"(2, 1, 2)"
1816,"(0, 1, 2)"
1817,"(2, 1, 2)"
1818,"(2, 1, 1)"
1819,"(0, 1, 1)"
1820,"(1, 0, 1)"
1821,"(2, 0, 1)"
1823,"(0, 1, 2)"
1827,"(0, 0, 2)"
1829,"(0, 0, 2)"
1830,"(2, 0, 1)"
1831,"(1, 1, 1)"
1832,"(2, 1, 1)"
1833,"(2, 0, 2)"
1834,"(2, 0, 2)"
1835,"(2, 0, 1)"
1836,"(2, 1, 1)"
1837,"(0, 1, 2)"
1839,"(2, 0, 2)"
1840,"(2, 1, 1)"
1843,"(2, 0, 2)"
1844,"(1, 1, 2)"
1845,"(2, 1, 1)"
1846,"(2, 1, 2)"
1847,"(0, 1, 2)"
1848,"(2, 0, 0)"
1850,"(0, 1, 2)"
1851,"(2, 1, 1)"
1853,"(2, 1, 2)"
1854,"(1, 0, 1)"
1855,"(1, 0, 2)"
1859,"(2, 1, 2)"
1860,"(0, 1, 2)"
1861,"(0, 0, 2)"
1862,"(0, 1, 2)"
1863,"(1, 1, 2)"
1865,"(0, 1, 2)"
1867,"(2, 1, 2)"
1870,"(2, 1, 1)"
1871,"(0, 1, 2)"
1872,"(0, 1, 2)"
1874,"(2, 1, 1)"
1875,"(2, 1, 1)"
1877,"(0, 1, 2)"
1878,"(1, 1, 2)"
1879,"(2, 1, 1)"
1880,"(2, 1, 1)"
1881,"(2, 0, 2)"
1883,"(0, 1, 2)"
1884,"(2, 0, 1)"
1885,"(0, 1, 1)"
1886,"(0, 1, 2)"
1887,"(1, 0, 1)"
1888,"(0, 1, 2)"
1890,"(2, 1, 2)"
1891,"(2, 0, 2)"
1892,"(2, 0, 2)"
1893,"(2, 1, 1)"
1894,"(0, 1, 2)"
1895,"(0, 1, 2)"
1896,"(0, 1, 2)"
1898,"(0, 1, 1)"
1900,"(1, 1, 2)"
1902,"(2, 1, 1)"
1904,"(0, 1, 1)"
1905,"(2, 0, 1)"
1907,"(2, 0, 0)"
1909,"(0, 1, 2)"
1910,"(1, 0, 2)"
1912,"(0, 1, 2)"
1914,"(1, 1, 1)"
1916,"(0, 1, 1)"
1917,"(1, 1, 2)"
1918,"(1, 0, 1)"
1919,"(0, 0, 2)"
1921,"(2, 0, 2)"
1922,"(0, 1, 2)"
1923,"(1, 1, 2)"
1925,"(0, 1, 2)"
1926,"(0, 0, 2)"
1927,"(1, 1, 2)"
1929,"(0, 1, 2)"
1931,"(0, 1, 1)"
1932,"(1, 0, 2)"
1933,"(2, 0, 1)"
1934,"(2, 1, 2)"
1935,"(2, 1, 1)"
1938,"(1, 1, 1)"
1939,"(0, 0, 2)"
1941,"(0, 1, 1)"
1942,"(0, 1, 2)"
1943,"(2, 1, 2)"
1946,"(2, 0, 2)"
1948,"(0, 1, 1)"
1949,"(1, 1, 1)"
1950,"(1, 0, 2)"
1951,"(0, 1, 1)"
1953,"(2, 1, 1)"
1955,"(2, 0, 2)"
1959,"(0, 1, 2)"
1961,"(1, 0, 2)"
1962,"(2, 1, 1)"
1964,"(0, 2, 1)"
1965,"(0, 1, 2)"
1966,"(1, 1, 2)"
1967,"(1, 0, 1)"
1968,"(2, 0, 2)"
1969,"(1, 0, 2)"
1970,"(1, 0, 1)"
1972,"(0, 1, 1)"
1976,"(2, 0, 1)"
1977,"(0, 1, 2)"
1980,"(1, 1, 1)"
1981,"(1, 0, 2)"
1982,"(0, 1, 1)"
1983,"(2, 1, 2)"
1984,"(1, 0, 0)"
1986,"(1, 1, 2)"
1987,"(2, 1, 2)"
1988,"(0, 1, 2)"
1989,"(1, 0, 1)"
1990,"(0, 1, 1)"
1991,"(2, 1, 1)"
1992,"(1, 1, 2)"
1993,"(0, 1, 1)"
1994,"(0, 1, 1)"
1995,"(1, 0, 0)"
1996,"(1, 0, 2)"
1997,"(2, 1, 1)"
1998,"(1, 0, 2)"
2000,"(1, 1, 2)"
2001,"(0, 0, 2)"
2002,"(1, 0, 1)"
2004,"(0, 1, 1)"
2005,"(2, 0, 1)"
2006,"(1, 1, 2)"
2007,"(0, 1, 2)"
2008,"(1, 0, 2)"
2009,"(1, 1, 2)"
2010,"(0, 1, 1)"
2011,"(2, 1, 1)"
2013,"(1, 0, 1)"
2015,"(1, 0, 2)"
2017,"(1, 0, 2)"
2018,"(1, 1, 2)"
2019,"(0, 1, 2)"
2022,"(0, 1, 2)"
2023,"(2, 1, 1)"
2024,"(1, 0, 2)"
2025,"(0, 1, 2)"
2027,"(0, 1, 1)"
2028,"(2, 0, 0)"
2029,"(2, 1, 1)"
2032,"(1, 1, 1)"
2034,"(2, 0, 1)"
2035,"(0, 1, 2)"
2036,"(2, 0, 1)"
2037,"(1, 1, 2)"
2038,"(0, 1, 2)"
2039,"(1, 1, 2)"
2041,"(0, 1, 2)"
2042,"(0, 1, 2)"
2045,"(0, 1, 1)"
2046,"(0, 0, 2)"
2047,"(0, 1, 2)"
2048,"(0, 1, 1)"
2049,"(0, 1, 2)"
2052,"(2, 1, 1)"
2053,"(2, 0, 1)"
2054,"(0, 1, 2)"
2055,"(2, 0, 1)"
2056,"(0, 1, 2)"
2057,"(0, 1, 2)"
2058,"(1, 1, 1)"
2059,"(0, 1, 2)"
2062,"(2, 1, 2)"
2064,"(1, 1, 2)"
2065,"(1, 1, 2)"
2067,"(2, 1, 1)"
2069,"(1, 1, 2)"
2070,"(2, 1, 1)"
2071,"(2, 0, 1)"
2072,"(2, 1, 2)"
2073,"(0, 1, 2)"
2074,"(0, 1, 2)"
2075,"(0, 1, 2)"
2076,"(2, 0, 2)"
2078,"(2, 0, 1)"
2079,"(1, 1, 2)"
2080,"(0, 1, 2)"
2081,"(0, 1, 2)"
2082,"(2, 0, 2)"
2084,"(0, 0, 2)"
2085,"(1, 1, 2)"
2086,"(1, 1, 2)"
2087,"(1, 1, 1)"
2090,"(2, 0, 0)"
2092,"(0, 0, 2)"
2093,"(1, 0, 1)"
2094,"(2, 0, 0)"
2096,"(0, 1, 2)"
2098,"(0, 1, 2)"
2099,"(0, 0, 2)"
2102,"(2, 1, 2)"
2103,"(2, 0, 0)"
2104,"(2, 0, 1)"
2105,"(2, 1, 2)"
2106,"(2, 0, 1)"
2108,"(2, 1, 1)"
2109,"(2, 1, 1)"
2110,"(2, 1, 2)"
2111,"(1, 0, 2)"
2112,"(1, 1, 1)"
2113,"(2, 1, 1)"
2114,"(0, 0, 2)"
2115,"(2, 0, 1)"
2116,"(2, 1, 1)"
2117,"(1, 1, 2)"
2118,"(1, 0, 1)"
2119,"(0, 1, 1)"
2121,"(2, 1, 2)"
2123,"(0, 1, 2)"
2124,"(0, 1, 2)"
2125,"(2, 1, 2)"
2126,"(0, 1, 2)"
2127,"(2, 1, 1)"
2129,"(0, 1, 1)"
2130,"(0, 1, 1)"
2131,"(1, 1, 2)"
2133,"(0, 1, 2)"
2135,"(2, 1, 1)"
2138,"(0, 1, 1)"
2140,"(2, 1, 2)"
2141,"(0, 1, 2)"
2142,"(1, 1, 2)"
2143,"(2, 1, 1)"
2144,"(1, 0, 2)"
2146,"(1, 0, 1)"
2147,"(0, 1, 1)"
2148,"(0, 1, 1)"
2149,"(1, 1, 1)"
2152,"(0, 1, 1)"
2153,"(0, 0, 1)"
2154,"(0, 1, 2)"
2156,"(2, 0, 1)"
2158,"(1, 1, 1)"
2159,"(0, 1, 2)"
2160,"(0, 1, 1)"
2161,"(0, 1, 1)"
2163,"(2, 0, 2)"
2164,"(0, 1, 1)"
2166,"(0, 1, 2)"
2167,"(0, 1, 1)"
2168,"(1, 1, 1)"
2169,"(2, 0, 0)"
2170,"(2, 0, 2)"
2171,"(2, 1, 1)"
2172,"(1, 0, 1)"
2173,"(0, 1, 2)"
2174,"(0, 0, 2)"
2175,"(2, 0, 1)"
2178,"(2, 1, 1)"
2181,"(0, 1, 1)"
2182,"(2, 0, 2)"
2183,"(0, 1, 2)"
2184,"(1, 1, 2)"
2185,"(2, 0, 1)"
2186,"(0, 0, 2)"
2187,"(0, 1, 1)"
2188,"(0, 1, 2)"
2189,"(2, 1, 1)"
2191,"(2, 1, 2)"
2192,"(0, 1, 1)"
2193,"(1, 0, 1)"
2194,"(1, 0, 2)"
2196,"(2, 1, 1)"
2197,"(1, 1, 2)"
2200,"(2, 0, 0)"
2202,"(0, 0, 1)"
2203,"(0, 1, 2)"
2205,"(0, 1, 2)"
2206,"(0, 0, 2)"
2207,"(1, 0, 2)"
2208,"(0, 1, 2)"
2209,"(0, 0, 2)"
2213,"(0, 0, 2)"
2215,"(0, 1, 1)"
2216,"(2, 0, 2)"
2217,"(2, 1, 1)"
2218,"(0, 1, 2)"
2219,"(0, 1, 1)"
2220,"(2, 0, 1)"
2221,"(0, 1, 1)"
2222,"(0, 1, 1)"
2224,"(2, 1, 1)"
2225,"(1, 1, 1)"
2226,"(1, 0, 2)"
2228,"(1, 0, 2)"
2229,"(1, 1, 2)"
2230,"(1, 0, 2)"
2231,"(0, 1, 2)"
2232,"(0, 1, 2)"
2233,"(1, 1, 1)"
2235,"(0, 0, 2)"
2236,"(0, 1, 1)"
2237,"(1, 0, 0)"
2238,"(1, 0, 2)"
2239,"(1, 0, 1)"
2240,"(2, 1, 1)"
2241,"(2, 0, 1)"
2242,"(1, 1, 2)"
2243,"(2, 0, 2)"
2245,"(1, 1, 2)"
2246,"(0, 0, 1)"
2247,"(2, 1, 1)"
2248,"(0, 1, 2)"
2249,"(2, 0, 0)"
2250,"(1, 0, 0)"
2252,"(1, 1, 1)"
2253,"(0, 0, 2)"
2254,"(1, 0, 2)"
2255,"(0, 1, 2)"
2256,"(0, 0, 2)"
2258,"(0, 1, 1)"
2259,"(1, 0, 2)"
2260,"(2, 1, 2)"
2261,"(1, 1, 2)"
2262,"(0, 1, 2)"
2264,"(1, 0, 1)"
2265,"(1, 1, 2)"
2266,"(0, 1, 2)"
2267,"(1, 0, 1)"
2268,"(1, 0, 1)"
2270,"(2, 1, 2)"
2271,"(0, 0, 2)"
2272,"(2, 0, 0)"
2275,"(0, 1, 1)"
2276,"(0, 0, 2)"
2277,"(1, 0, 2)"
2280,"(2, 1, 1)"
2281,"(0, 1, 1)"
2282,"(0, 1, 2)"
2283,"(2, 1, 1)"
2284,"(1, 0, 1)"
2285,"(0, 1, 2)"
2286,"(1, 0, 1)"
2289,"(2, 1, 1)"
2292,"(1, 0, 1)"
2294,"(0, 1, 1)"
2295,"(1, 0, 2)"
2296,"(0, 1, 1)"
2299,"(1, 1, 2)"
2300,"(2, 1, 2)"
2301,"(1, 0, 1)"
2302,"(1, 1, 2)"
2303,"(2, 0, 1)"
2304,"(1, 1, 1)"
2307,"(1, 0, 2)"
2308,"(2, 0, 2)"
2309,"(1, 1, 2)"
2310,"(0, 1, 2)"
2312,"(0, 0, 2)"
2313,"(0, 0, 1)"
2314,"(1, 1, 2)"
2315,"(2, 1, 2)"
2316,"(1, 1, 2)"
2317,"(2, 1, 1)"
2318,"(1, 1, 2)"
2319,"(0, 1, 2)"
2320,"(2, 0, 2)"
2321,"(0, 0, 2)"
2323,"(1, 1, 1)"
2324,"(1, 1, 2)"
2327,"(0, 1, 2)"
2328,"(2, 1, 2)"
2329,"(1, 1, 2)"
2331,"(2, 1, 2)"
2332,"(2, 0, 2)"
2333,"(0, 1, 1)"
2334,"(0, 0, 2)"
2335,"(0, 0, 2)"
2337,"(2, 1, 1)"
2338,"(2, 1, 1)"
2341,"(0, 1, 2)"
2344,"(2, 1, 2)"
2345,"(2, 1, 1)"
2346,"(0, 0, 1)"
2347,"(0, 0, 1)"
2348,"(1, 0, 2)"
2349,"(0, 1, 1)"
2350,"(0, 1, 2)"
2351,"(2, 0, 2)"
2353,"(1, 0, 1)"
2354,"(0, 1, 2)"
2355,"(0, 0, 2)"
2356,"(1, 0, 2)"
2357,"(2, 0, 2)"
2358,"(2, 0, 1)"
2359,"(2, 1, 2)"
2360,"(2, 1, 2)"
2363,"(0, 1, 2)"
2367,"(2, 0, 0)"
2369,"(0, 1, 2)"
2370,"(1, 1, 2)"
2371,"(1, 0, 1)"
2372,"(1, 0, 2)"
2373,"(0, 1, 2)"
2375,"(1, 0, 2)"
2376,"(1, 0, 2)"
2377,"(2, 0, 2)"
2379,"(0, 1, 1)"
2380,"(0, 1, 1)"
2387,"(0, 1, 2)"
2388,"(0, 1, 2)"
2390,"(1, 1, 2)"
2392,"(0, 1, 1)"
2394,"(2, 1, 2)"
2395,"(0, 1, 2)"
2396,"(1, 1, 1)"
2397,"(1, 0, 1)"
2398,"(2, 0, 1)"
2400,"(1, 1, 1)"
2402,"(1, 0, 2)"
2403,"(1, 1, 2)"
2404,"(0, 0, 2)"
2405,"(0, 1, 1)"
2406,"(1, 0, 2)"
2407,"(2, 1, 1)"
2408,"(2, 1, 2)"
2409,"(1, 0, 1)"
2412,"(1, 0, 1)"
2413,"(0, 0, 1)"
2414,"(0, 1, 1)"
2415,"(1, 1, 1)"
2416,"(0, 1, 2)"
2417,"(2, 1, 2)"
2418,"(0, 0, 2)"
2420,"(0, 1, 2)"
2422,"(1, 1, 2)"
2423,"(2, 0, 1)"
2424,"(1, 1, 1)"
2426,"(0, 1, 2)"
2428,"(1, 0, 1)"
2429,"(2, 1, 2)"
2430,"(2, 1, 2)"
2431,"(2, 0, 1)"
2432,"(2, 0, 2)"
2433,"(1, 0, 2)"
2434,"(0, 0, 1)"
2436,"(0, 1, 1)"
2437,"(1, 1, 2)"
2438,"(2, 0, 2)"
2440,"(2, 1, 2)"
2441,"(1, 0, 2)"
2442,"(0, 1, 2)"
2443,"(2, 0, 2)"
2444,"(1, 1, 2)"
2446,"(0, 1, 1)"
2448,"(2, 1, 2)"
2449,"(2, 1, 2)"
2450,"(1, 0, 1)"
2452,"(1, 0, 2)"
2453,"(2, 0, 0)"
2455,"(2, 1, 1)"
2456,"(2, 0, 2)"
2457,"(2, 1, 2)"
2458,"(0, 0, 2)"
2462,"(0, 1, 1)"
2463,"(0, 1, 2)"
2466,"(2, 1, 2)"
2467,"(1, 0, 2)"
2468,"(0, 1, 1)"
2469,"(2, 1, 1)"
2473,"(1, 0, 2)"
2474,"(0, 1, 2)"
2475,"(2, 1, 2)"
2476,"(1, 0, 1)"
2477,"(2, 1, 2)"
2479,"(2, 0, 1)"
2481,"(1, 0, 2)"
2482,"(1, 0, 2)"
2485,"(1, 0, 2)"
2487,"(2, 1, 1)"
2488,"(1, 0, 2)"
2490,"(1, 1, 1)"
2491,"(1, 1, 2)"
2492,"(0, 1, 1)"
2495,"(2, 1, 1)"
2497,"(2, 0, 0)"
2499,"(1, 1, 1)"
2501,"(2, 0, 1)"
2502,"(2, 1, 1)"
2506,"(1, 0, 1)"
2507,"(2, 1, 2)"
2508,"(1, 1, 2)"
2509,"(0, 1, 2)"
2510,"(2, 0, 0)"
2511,"(0, 1, 2)"
2512,"(1, 0, 2)"
2513,"(1, 1, 1)"
2514,"(2, 1, 1)"
2516,"(1, 0, 2)"
2518,"(0, 1, 2)"
2519,"(0, 1, 2)"
2520,"(2, 1, 1)"
2521,"(1, 1, 1)"
2522,"(0, 1, 2)"
2523,"(0, 1, 1)"
2524,"(2, 0, 2)"
2525,"(2, 1, 1)"
2526,"(2, 0, 1)"
2527,"(1, 0, 2)"
2528,"(2, 1, 2)"
2529,"(2, 1, 1)"
2530,"(1, 1, 2)"
2531,"(0, 1, 2)"
2532,"(0, 0, 2)"
2533,"(2, 0, 2)"
2534,"(0, 1, 2)"
2536,"(0, 1, 2)"
2537,"(1, 0, 1)"
2539,"(0, 1, 1)"
2540,"(2, 1, 2)"
2541,"(1, 1, 1)"
2542,"(2, 0, 2)"
2543,"(2, 1, 1)"
2544,"(0, 1, 1)"
2545,"(0, 0, 2)"
2546,"(2, 1, 2)"
2547,"(0, 1, 1)"
2548,"(1, 0, 2)"
2549,"(2, 1, 1)"
2550,"(2, 0, 1)"
2551,"(2, 1, 1)"
2552,"(1, 1, 1)"
2553,"(1, 0, 0)"
2554,"(2, 1, 2)"
2556,"(0, 0, 2)"
2559,"(1, 1, 2)"
2560,"(1, 0, 2)"
2561,"(0, 1, 2)"
2562,"(1, 1, 2)"
2564,"(2, 1, 1)"
2565,"(1, 1, 2)"
2566,"(2, 1, 2)"
2567,"(2, 0, 1)"
2568,"(1, 0, 1)"
2570,"(2, 1, 2)"
2571,"(2, 0, 2)"
2574,"(1, 1, 2)"
2575,"(1, 1, 2)"
2576,"(2, 1, 1)"
2577,"(1, 1, 1)"
2579,"(0, 1, 2)"
2581,"(2, 0, 2)"
2582,"(1, 0, 0)"
2583,"(0, 1, 2)"
2584,"(0, 1, 2)"
2586,"(0, 0, 2)"
2588,"(1, 1, 2)"
2589,"(0, 1, 1)"
2590,"(1, 1, 2)"
2592,"(1, 0, 2)"
2593,"(0, 1, 1)"
2594,"(2, 1, 2)"
2595,"(1, 0, 1)"
2598,"(0, 1, 2)"
2599,"(2, 1, 1)"
2600,"(2, 1, 1)"
2601,"(0, 1, 2)"
2603,"(1, 1, 1)"
2604,"(0, 1, 2)"
2606,"(2, 1, 1)"
2607,"(1, 0, 2)"
2608,"(0, 1, 1)"
2609,"(1, 1, 2)"
2610,"(1, 0, 2)"
2612,"(2, 0, 2)"
2613,"(1, 0, 2)"
2616,"(1, 0, 1)"
2617,"(1, 0, 1)"
2619,"(2, 0, 1)"
2620,"(0, 1, 1)"
2621,"(2, 1, 2)"
2622,"(2, 1, 2)"
2623,"(2, 0, 2)"
2624,"(1, 1, 2)"
2625,"(0, 1, 2)"
2627,"(0, 1, 1)"
2628,"(0, 1, 1)"
2629,"(1, 1, 2)"
2630,"(2, 1, 1)"
2631,"(2, 0, 2)"
2632,"(0, 1, 2)"
2634,"(0, 1, 2)"
2635,"(1, 1, 1)"
2636,"(2, 1, 1)"
2637,"(2, 1, 2)"
2638,"(1, 0, 2)"
2639,"(2, 1, 1)"
2640,"(1, 1, 2)"
2643,"(2, 0, 2)"
2644,"(1, 0, 2)"
2647,"(1, 1, 2)"
2648,"(1, 0, 2)"
2649,"(2, 1, 1)"
2650,"(0, 1, 2)"
2652,"(2, 1, 2)"
2655,"(2, 0, 1)"
2656,"(2, 0, 1)"
2658,"(0, 1, 2)"
2661,"(0, 0, 2)"
2662,"(1, 0, 2)"
2663,"(1, 0, 2)"
2665,"(0, 1, 1)"
2666,"(2, 1, 1)"
2667,"(1, 1, 2)"
2668,"(2, 1, 2)"
2669,"(1, 0, 2)"
2670,"(2, 1, 1)"
2671,"(0, 1, 1)"
2674,"(2, 0, 1)"
2675,"(2, 0, 2)"
2676,"(2, 0, 2)"
2678,"(2, 0, 2)"
2679,"(0, 1, 2)"
2680,"(0, 0, 2)"
2681,"(1, 0, 1)"
2682,"(1, 0, 2)"
2684,"(2, 1, 2)"
2685,"(2, 1, 1)"
2686,"(2, 0, 2)"
2687,"(0, 0, 2)"
2688,"(0, 1, 1)"
2689,"(2, 0, 1)"
2690,"(0, 0, 2)"
2694,"(1, 0, 2)"
2695,"(0, 1, 2)"
2696,"(1, 1, 2)"
2698,"(2, 0, 1)"
2699,"(2, 1, 1)"
2705,"(2, 1, 1)"
2706,"(2, 1, 2)"
2707,"(0, 1, 2)"
2708,"(2, 1, 1)"
2709,"(1, 1, 1)"
2710,"(0, 1, 1)"
2712,"(1, 0, 1)"
2713,"(2, 0, 1)"
2714,"(0, 1, 2)"
2716,"(1, 1, 2)"
2717,"(0, 1, 2)"
2718,"(2, 1, 2)"
2719,"(0, 0, 2)"
2721,"(0, 1, 1)"
2722,"(2, 1, 2)"
2723,"(2, 0, 0)"
2724,"(0, 1, 1)"
2725,"(0, 1, 1)"
2727,"(2, 0, 1)"
2729,"(0, 1, 2)"
2730,"(1, 0, 1)"
2732,"(2, 0, 2)"
2733,"(1, 1, 2)"
2734,"(0, 1, 2)"
2735,"(1, 0, 1)"
2736,"(0, 1, 1)"
2737,"(2, 1, 1)"
2738,"(2, 1, 2)"
2739,"(0, 1, 2)"
2740,"(1, 1, 1)"
2742,"(0, 1, 2)"
2743,"(0, 0, 2)"
2746,"(0, 1, 2)"
2747,"(1, 1, 1)"
2748,"(2, 1, 1)"
2749,"(1, 1, 1)"
2751,"(1, 0, 0)"
2752,"(2, 1, 1)"
2753,"(2, 1, 1)"
2754,"(0, 0, 2)"
2756,"(0, 1, 1)"
2757,"(0, 0, 2)"
2758,"(2, 1, 2)"
2759,"(2, 0, 2)"
2760,"(1, 0, 2)"
2761,"(0, 1, 2)"
2763,"(2, 0, 0)"
2765,"(1, 1, 2)"
2768,"(2, 0, 2)"
2769,"(1, 1, 2)"
2770,"(0, 1, 2)"
2771,"(2, 1, 2)"
2772,"(0, 1, 1)"
2773,"(2, 0, 2)"
2774,"(2, 0, 2)"
2776,"(0, 0, 1)"
2777,"(1, 0, 2)"
2778,"(1, 0, 0)"
2779,"(2, 0, 2)"
2780,"(1, 0, 1)"
2781,"(0, 0, 2)"
2782,"(0, 1, 2)"
2784,"(2, 0, 2)"
2785,"(2, 1, 2)"
2786,"(0, 1, 2)"
2787,"(0, 1, 2)"
2789,"(2, 0, 1)"
2790,"(1, 0, 2)"
2791,"(0, 1, 2)"
2792,"(2, 1, 2)"
2793,"(0, 0, 2)"
2794,"(1, 0, 0)"
2795,"(0, 1, 2)"
2796,"(1, 0, 2)"
2797,"(2, 1, 1)"
2799,"(1, 0, 1)"
2800,"(0, 0, 2)"
2801,"(2, 1, 2)"
2803,"(1, 0, 0)"
2805,"(2, 1, 2)"
2807,"(0, 1, 1)"
2808,"(2, 1, 1)"
2810,"(2, 1, 2)"
2811,"(2, 1, 1)"
2812,"(1, 0, 1)"
2813,"(1, 1, 2)"
2814,"(1, 1, 2)"
2816,"(1, 0, 2)"
2817,"(0, 1, 1)"
2820,"(0, 1, 1)"
2821,"(2, 1, 1)"
2823,"(1, 0, 2)"
2824,"(1, 0, 2)"
2825,"(2, 1, 1)"
2826,"(0, 1, 2)"
2827,"(0, 1, 2)"
2828,"(0, 1, 2)"
2829,"(1, 0, 1)"
2830,"(2, 0, 2)"
2832,"(1, 1, 1)"
2834,"(1, 0, 1)"
2836,"(0, 1, 2)"
2838,"(1, 1, 1)"
2839,"(2, 0, 2)"
2840,"(1, 1, 1)"
2841,"(1, 1, 2)"
2843,"(2, 1, 2)"
2844,"(2, 0, 1)"
2846,"(0, 1, 1)"
2848,"(1, 0, 1)"
2849,"(2, 0, 2)"
2850,"(2, 0, 2)"
2851,"(2, 1, 2)"
2852,"(2, 1, 1)"
2853,"(0, 1, 1)"
2854,"(0, 1, 1)"
2855,"(0, 1, 1)"
2856,"(2, 1, 1)"
2857,"(1, 1, 2)"
2858,"(1, 1, 2)"
2859,"(2, 0, 2)"
2863,"(2, 1, 2)"
2864,"(2, 0, 1)"
2867,"(2, 1, 2)"
2868,"(2, 0, 2)"
2869,"(2, 1, 1)"
2871,"(2, 1, 1)"
2873,"(1, 1, 2)"
2874,"(0, 1, 1)"
2875,"(0, 0, 2)"
2876,"(0, 1, 1)"
2877,"(1, 1, 2)"
2878,"(1, 1, 1)"
2880,"(0, 0, 2)"
2881,"(0, 1, 1)"
2882,"(1, 0, 0)"
2884,"(1, 0, 2)"
2885,"(2, 1, 1)"
2886,"(2, 0, 2)"
2887,"(1, 1, 2)"
2888,"(2, 0, 1)"
2890,"(1, 1, 2)"
2891,"(0, 0, 2)"
2892,"(2, 1, 1)"
2893,"(0, 1, 1)"
2895,"(1, 0, 2)"
2896,"(1, 0, 1)"
2897,"(2, 0, 0)"
2898,"(0, 1, 2)"
2899,"(2, 0, 2)"
2900,"(0, 1, 2)"
2901,"(0, 1, 2)"
2902,"(2, 0, 2)"
2904,"(2, 0, 2)"
2905,"(1, 0, 1)"
2906,"(2, 1, 2)"
2907,"(0, 1, 1)"
2909,"(0, 0, 2)"
2910,"(2, 1, 1)"
2912,"(1, 1, 2)"
2913,"(2, 1, 2)"
2914,"(0, 2, 1)"
2915,"(2, 0, 2)"
2916,"(1, 0, 2)"
2917,"(1, 0, 1)"
2918,"(1, 1, 1)"
2919,"(2, 0, 0)"
2922,"(2, 1, 2)"
2923,"(1, 0, 1)"
2924,"(1, 1, 1)"
2925,"(1, 1, 2)"
2926,"(0, 1, 2)"
2929,"(1, 1, 2)"
2930,"(2, 0, 2)"
2931,"(1, 1, 2)"
2932,"(0, 1, 2)"
2933,"(2, 1, 2)"
2935,"(1, 1, 2)"
2936,"(2, 1, 2)"
2938,"(1, 0, 1)"
2939,"(2, 0, 0)"
2940,"(2, 0, 2)"
2942,"(0, 1, 1)"
2943,"(1, 0, 2)"
2944,"(0, 1, 2)"
2945,"(1, 0, 1)"
2950,"(2, 0, 2)"
2951,"(0, 0, 2)"
2952,"(2, 1, 1)"
2953,"(2, 0, 2)"
2954,"(0, 1, 1)"
2955,"(1, 1, 2)"
2956,"(2, 0, 1)"
2957,"(0, 0, 1)"
2960,"(0, 1, 2)"
2963,"(0, 0, 2)"
2964,"(2, 0, 2)"
2965,"(0, 1, 1)"
2967,"(2, 1, 1)"
2968,"(2, 0, 2)"
2969,"(0, 1, 2)"
2970,"(0, 1, 1)"
2971,"(0, 1, 2)"
2973,"(1, 1, 2)"
2978,"(1, 1, 2)"
2979,"(1, 1, 2)"
2980,"(1, 1, 1)"
2983,"(2, 1, 2)"
2984,"(2, 1, 1)"
2985,"(2, 1, 1)"
2987,"(2, 1, 2)"
2988,"(2, 0, 2)"
2989,"(1, 1, 1)"
2991,"(0, 1, 1)"
2992,"(0, 1, 2)"
2993,"(2, 1, 1)"
2994,"(0, 1, 2)"
2995,"(0, 1, 1)"
2996,"(2, 1, 2)"
2999,"(2, 0, 2)"
3000,"(1, 0, 1)"
3002,"(2, 0, 2)"
3003,"(1, 0, 2)"
3004,"(0, 1, 1)"
3008,"(0, 1, 2)"
3009,"(0, 1, 2)"
3010,"(2, 1, 1)"
3011,"(0, 1, 2)"
3012,"(2, 0, 1)"
3013,"(1, 0, 2)"
3018,"(1, 1, 2)"
3019,"(0, 1, 2)"
3020,"(0, 0, 2)"
3021,"(1, 0, 1)"
3022,"(1, 0, 2)"
3023,"(1, 1, 2)"
3024,"(0, 1, 1)"
3025,"(1, 1, 2)"
3028,"(1, 0, 1)"
3029,"(2, 1, 1)"
3030,"(0, 0, 2)"
3031,"(0, 1, 2)"
3032,"(2, 0, 1)"
3034,"(0, 1, 2)"
3036,"(0, 1, 2)"
3040,"(2, 1, 2)"
3041,"(1, 1, 2)"
3042,"(1, 0, 1)"
3043,"(0, 1, 1)"
3044,"(2, 0, 2)"
3046,"(2, 1, 1)"
3047,"(1, 0, 1)"
3048,"(0, 0, 2)"
3049,"(0, 0, 1)"
3050,"(0, 1, 2)"
3051,"(1, 0, 0)"
3052,"(0, 1, 1)"
3054,"(2, 0, 2)"
3055,"(2, 1, 1)"
3058,"(0, 1, 2)"
3059,"(0, 1, 1)"
3061,"(0, 1, 1)"
3062,"(2, 1, 2)"
3063,"(0, 1, 2)"
3065,"(2, 0, 1)"
3066,"(0, 1, 2)"
3067,"(2, 1, 1)"
3068,"(0, 0, 2)"
3070,"(0, 1, 2)"
3072,"(2, 1, 2)"
3073,"(0, 1, 1)"
3074,"(2, 1, 2)"
3076,"(2, 1, 1)"
3077,"(2, 1, 1)"
3078,"(2, 0, 2)"
3079,"(0, 0, 2)"
3080,"(0, 0, 1)"
3081,"(0, 0, 2)"
3082,"(0, 1, 2)"
3083,"(2, 1, 1)"
3088,"(1, 0, 1)"
3089,"(0, 0, 2)"
3091,"(1, 1, 2)"
3094,"(1, 0, 2)"
3096,"(2, 1, 1)"
3097,"(2, 1, 2)"
3098,"(2, 1, 2)"
3101,"(2, 0, 2)"
3102,"(1, 1, 2)"
3103,"(2, 0, 2)"
3104,"(1, 1, 2)"
3105,"(0, 1, 1)"
3106,"(0, 1, 1)"
3108,"(0, 0, 2)"
3110,"(1, 1, 1)"
3111,"(2, 1, 1)"
3112,"(2, 1, 2)"
3113,"(0, 1, 1)"
3114,"(2, 0, 2)"
3115,"(2, 1, 2)"
3117,"(2, 1, 1)"
3118,"(2, 0, 2)"
3119,"(2, 1, 1)"
3120,"(1, 1, 2)"
3121,"(0, 1, 1)"
3122,"(0, 1, 1)"
3124,"(2, 1, 1)"
3126,"(2, 1, 1)"
3127,"(1, 0, 1)"
3129,"(0, 1, 2)"
3132,"(1, 0, 0)"
3133,"(1, 1, 1)"
3134,"(1, 1, 1)"
3135,"(2, 0, 2)"
3136,"(2, 1, 1)"
3138,"(0, 1, 2)"
3139,"(2, 1, 1)"
3140,"(2, 1, 2)"
3142,"(2, 0, 2)"
3146,"(1, 0, 2)"
3147,"(1, 0, 1)"
3152,"(0, 1, 1)"
3154,"(2, 0, 0)"
3157,"(0, 1, 2)"
3158,"(1, 0, 2)"
3159,"(0, 1, 1)"
3160,"(2, 1, 2)"
3161,"(1, 0, 1)"
3162,"(2, 1, 1)"
3164,"(2, 0, 1)"
3165,"(2, 0, 2)"
3166,"(1, 1, 2)"
3167,"(0, 1, 2)"
3168,"(1, 0, 2)"
3170,"(2, 0, 2)"
3171,"(0, 1, 1)"
3172,"(0, 1, 1)"
3174,"(2, 0, 2)"
3175,"(2, 0, 0)"
3176,"(0, 1, 2)"
3177,"(2, 0, 1)"
3178,"(0, 0, 2)"
3180,"(1, 1, 2)"
3181,"(2, 1, 2)"
3182,"(0, 1, 2)"
3183,"(1, 1, 1)"
3184,"(0, 1, 2)"
3185,"(2, 1, 2)"
3186,"(1, 0, 2)"
3188,"(2, 1, 2)"
3191,"(2, 0, 2)"
3192,"(2, 1, 2)"
3193,"(0, 0, 2)"
3194,"(0, 1, 2)"
3195,"(0, 1, 2)"
3196,"(1, 0, 1)"
3197,"(0, 0, 2)"
3198,"(0, 1, 2)"
3201,"(0, 1, 1)"
3203,"(2, 1, 2)"
3205,"(0, 1, 1)"
3206,"(2, 0, 2)"
3207,"(2, 0, 2)"
3209,"(2, 0, 1)"
3210,"(0, 1, 1)"
3211,"(2, 1, 1)"
3213,"(2, 0, 1)"
3214,"(1, 0, 2)"
3215,"(1, 0, 2)"
3216,"(0, 0, 2)"
3217,"(0, 1, 2)"
3219,"(2, 0, 1)"
3220,"(2, 1, 1)"
3221,"(1, 0, 1)"
3222,"(1, 0, 1)"
3223,"(1, 1, 2)"
3224,"(1, 1, 2)"
3225,"(2, 0, 1)"
3226,"(0, 0, 2)"
3227,"(1, 1, 2)"
3228,"(1, 1, 2)"
3229,"(1, 0, 2)"
3230,"(2, 0, 0)"
3231,"(1, 1, 2)"
3233,"(0, 1, 2)"
3234,"(2, 1, 1)"
3235,"(1, 0, 1)"
3236,"(2, 0, 2)"
3238,"(2, 1, 2)"
3240,"(2, 0, 2)"
3242,"(0, 1, 1)"
3243,"(2, 1, 1)"
3245,"(2, 1, 2)"
3246,"(2, 1, 1)"
3247,"(2, 0, 2)"
3249,"(2, 0, 0)"
3251,"(0, 1, 1)"
3252,"(2, 0, 2)"
3253,"(1, 1, 2)"
3255,"(2, 0, 1)"
3256,"(1, 0, 1)"
3258,"(0, 1, 2)"
3260,"(0, 1, 2)"
3261,"(2, 1, 1)"
3262,"(0, 1, 2)"
3263,"(2, 0, 1)"
3265,"(0, 1, 1)"
3268,"(0, 1, 1)"
3269,"(2, 1, 1)"
3270,"(0, 1, 2)"
3272,"(0, 1, 1)"
3273,"(2, 1, 1)"
3274,"(2, 0, 2)"
3275,"(2, 1, 2)"
3277,"(0, 1, 2)"
3278,"(1, 0, 0)"
3279,"(2, 0, 2)"
3281,"(0, 0, 2)"
3283,"(0, 1, 1)"
3285,"(2, 1, 2)"
3286,"(2, 0, 1)"
3287,"(2, 0, 0)"
3289,"(1, 0, 1)"
3290,"(1, 1, 2)"
3291,"(2, 0, 2)"
3293,"(0, 1, 2)"
3294,"(1, 0, 1)"
3296,"(2, 1, 1)"
3300,"(2, 1, 1)"
3301,"(0, 0, 1)"
3302,"(1, 1, 1)"
3303,"(1, 1, 1)"
3305,"(2, 0, 1)"
3306,"(0, 1, 2)"
3307,"(1, 0, 1)"
3310,"(1, 0, 1)"
3311,"(0, 1, 2)"
3314,"(0, 1, 1)"
3315,"(0, 1, 2)"
3316,"(0, 1, 2)"
3317,"(2, 1, 2)"
3319,"(0, 1, 1)"
3323,"(0, 1, 2)"
3324,"(2, 1, 2)"
3326,"(2, 1, 1)"
3327,"(1, 1, 2)"
3328,"(2, 1, 1)"
3330,"(2, 0, 2)"
3332,"(0, 1, 1)"
3334,"(0, 0, 2)"
3335,"(2, 1, 1)"
3336,"(0, 1, 1)"
3337,"(0, 1, 1)"
3338,"(0, 1, 2)"
3342,"(2, 1, 2)"
3343,"(1, 0, 1)"
3344,"(0, 1, 2)"
3346,"(0, 0, 2)"
3349,"(1, 0, 2)"
3352,"(2, 1, 1)"
3354,"(2, 1, 1)"
3355,"(2, 1, 1)"
3357,"(0, 1, 1)"
3358,"(0, 1, 2)"
3359,"(1, 0, 1)"
3360,"(2, 0, 0)"
3361,"(0, 1, 2)"
3362,"(1, 1, 1)"
3364,"(2, 1, 1)"
3365,"(0, 1, 1)"
3367,"(2, 0, 1)"
3369,"(0, 1, 1)"
3372,"(2, 1, 1)"
3373,"(2, 0, 1)"
3375,"(2, 1, 2)"
3377,"(0, 0, 1)"
3378,"(2, 0, 2)"
3380,"(0, 1, 1)"
3382,"(0, 1, 1)"
3383,"(0, 1, 2)"
3384,"(1, 0, 1)"
3385,"(0, 0, 2)"
3386,"(0, 1, 2)"
3387,"(0, 1, 2)"
3388,"(2, 0, 1)"
3389,"(0, 0, 2)"
3390,"(0, 0, 2)"
3391,"(1, 0, 1)"
3392,"(2, 1, 1)"
3393,"(2, 1, 2)"
3394,"(0, 1, 2)"
3396,"(2, 0, 1)"
3397,"(2, 0, 2)"
3398,"(0, 0, 2)"
3399,"(2, 1, 2)"
3402,"(2, 0, 2)"
3403,"(0, 1, 1)"
3404,"(2, 1, 1)"
3405,"(0, 1, 2)"
3407,"(1, 1, 2)"
3408,"(2, 1, 2)"
3411,"(1, 0, 2)"
3412,"(1, 0, 2)"
3413,"(2, 0, 2)"
3414,"(2, 1, 2)"
3415,"(2, 0, 2)"
3416,"(0, 1, 1)"
3417,"(0, 0, 2)"
3418,"(2, 1, 1)"
3419,"(1, 0, 2)"
3420,"(2, 1, 2)"
3421,"(0, 1, 2)"
3422,"(0, 1, 1)"
3423,"(0, 1, 2)"
3424,"(1, 0, 2)"
3427,"(1, 1, 2)"
3428,"(2, 1, 1)"
3429,"(2, 1, 2)"
3430,"(0, 1, 2)"
3431,"(0, 1, 2)"
3432,"(1, 0, 1)"
3434,"(0, 0, 1)"
3438,"(0, 0, 2)"
3439,"(0, 2, 1)"
3440,"(2, 0, 2)"
3443,"(1, 0, 2)"
3444,"(0, 0, 2)"
3445,"(0, 0, 2)"
3446,"(1, 1, 2)"
3447,"(1, 0, 2)"
3448,"(2, 1, 2)"
3449,"(0, 1, 2)"
3452,"(2, 0, 2)"
3453,"(0, 1, 2)"
3454,"(1, 0, 2)"
3455,"(0, 1, 1)"
3456,"(1, 1, 2)"
3458,"(2, 1, 2)"
3459,"(1, 0, 0)"
3461,"(2, 0, 1)"
3462,"(2, 1, 2)"
3465,"(0, 1, 2)"
3466,"(2, 1, 1)"
3468,"(2, 1, 1)"
3469,"(0, 1, 2)"
3470,"(2, 1, 1)"
3471,"(2, 1, 1)"
3474,"(0, 1, 2)"
3476,"(0, 0, 2)"
3477,"(0, 1, 1)"
3479,"(0, 1, 2)"
3482,"(1, 1, 2)"
3483,"(2, 0, 1)"
3484,"(1, 0, 1)"
3486,"(0, 1, 1)"
3487,"(2, 1, 1)"
3488,"(1, 1, 2)"
3489,"(1, 1, 2)"
3490,"(1, 0, 1)"
3491,"(2, 1, 1)"
3492,"(2, 0, 2)"
3493,"(0, 1, 1)"
3494,"(2, 0, 2)"
3495,"(0, 1, 2)"
3496,"(0, 1, 2)"
3497,"(1, 0, 1)"
3498,"(1, 1, 2)"
3499,"(2, 0, 1)"
3500,"(0, 1, 2)"
3503,"(2, 0, 1)"
3504,"(0, 1, 2)"
3505,"(1, 0, 1)"
3506,"(2, 1, 2)"
3507,"(1, 0, 2)"
3508,"(2, 0, 2)"
3509,"(2, 0, 2)"
3510,"(0, 1, 1)"
3511,"(1, 0, 1)"
3513,"(2, 0, 0)"
3514,"(1, 1, 2)"
3515,"(1, 0, 1)"
3516,"(1, 1, 2)"
3518,"(1, 1, 2)"
3519,"(1, 1, 2)"
3520,"(2, 0, 2)"
3523,"(2, 1, 2)"
3525,"(1, 0, 0)"
3526,"(2, 0, 1)"
3527,"(1, 0, 2)"
3528,"(2, 0, 2)"
3529,"(1, 0, 1)"
3530,"(0, 1, 2)"
3531,"(1, 0, 2)"
3532,"(1, 0, 0)"
3534,"(1, 0, 2)"
3535,"(0, 1, 2)"
3536,"(0, 1, 1)"
3537,"(0, 1, 2)"
3538,"(1, 1, 2)"
3539,"(1, 0, 0)"
3541,"(1, 0, 2)"
3543,"(2, 1, 2)"
3544,"(1, 1, 2)"
3545,"(0, 0, 2)"
3546,"(0, 1, 2)"
3547,"(0, 1, 1)"
3548,"(2, 1, 2)"
3550,"(1, 1, 2)"
3551,"(1, 1, 2)"
3554,"(2, 1, 2)"
3555,"(0, 1, 2)"
3556,"(0, 1, 2)"
3558,"(2, 1, 2)"
3559,"(0, 1, 2)"
3562,"(1, 0, 1)"
3563,"(1, 1, 2)"
3566,"(2, 0, 1)"
3567,"(1, 0, 0)"
3570,"(2, 0, 2)"
3572,"(2, 0, 1)"
3573,"(1, 0, 2)"
3574,"(0, 1, 2)"
3576,"(1, 1, 1)"
3577,"(0, 0, 2)"
3579,"(2, 1, 2)"
3580,"(0, 1, 2)"
3582,"(1, 0, 2)"
3583,"(1, 0, 2)"
3585,"(2, 1, 2)"
3586,"(2, 1, 1)"
3587,"(2, 0, 2)"
3589,"(1, 0, 1)"
3590,"(1, 0, 0)"
3591,"(0, 1, 2)"
3592,"(0, 1, 2)"
3593,"(2, 1, 2)"
3594,"(2, 1, 1)"
3595,"(0, 1, 2)"
3597,"(1, 0, 1)"
3599,"(0, 1, 2)"
3600,"(1, 0, 1)"
3603,"(0, 1, 2)"
3604,"(2, 0, 2)"
3605,"(0, 0, 2)"
3606,"(2, 1, 1)"
3607,"(1, 0, 1)"
3608,"(1, 1, 1)"
3609,"(0, 1, 1)"
3610,"(2, 1, 2)"
3611,"(0, 1, 2)"
3612,"(2, 1, 1)"
3614,"(2, 1, 2)"
3615,"(2, 1, 1)"
3616,"(2, 1, 1)"
3617,"(2, 0, 2)"
3618,"(0, 0, 2)"
3619,"(2, 0, 2)"
3620,"(1, 0, 2)"
3621,"(2, 1, 1)"
3625,"(1, 1, 2)"
3626,"(0, 1, 2)"
3627,"(2, 1, 1)"
3628,"(1, 0, 1)"
3629,"(1, 1, 2)"
3632,"(0, 1, 2)"
3633,"(2, 1, 2)"
3634,"(1, 0, 2)"
3636,"(1, 0, 2)"
3637,"(2, 1, 2)"
3638,"(1, 0, 2)"
3639,"(0, 0, 2)"
3640,"(0, 1, 1)"
3641,"(1, 1, 2)"
3642,"(1, 0, 1)"
3643,"(2, 1, 2)"
3647,"(0, 1, 2)"
3648,"(1, 0, 2)"
3649,"(1, 0, 2)"
3650,"(0, 1, 2)"
3652,"(1, 1, 1)"
3654,"(1, 1, 1)"
3655,"(2, 1, 1)"
3656,"(1, 0, 0)"
3657,"(0, 1, 2)"
3658,"(1, 0, 2)"
3659,"(0, 1, 2)"
3660,"(2, 1, 2)"
3661,"(1, 0, 2)"
3662,"(2, 1, 2)"
3663,"(0, 1, 2)"
3665,"(1, 1, 2)"
3667,"(2, 0, 1)"
3668,"(0, 1, 2)"
3670,"(2, 0, 2)"
3672,"(0, 1, 2)"
3673,"(1, 1, 1)"
3674,"(2, 0, 1)"
3675,"(0, 0, 2)"
3676,"(2, 0, 2)"
3678,"(2, 0, 2)"
3680,"(1, 0, 2)"
3681,"(1, 0, 2)"
3682,"(2, 1, 1)"
3683,"(2, 0, 2)"
3684,"(1, 1, 2)"
3686,"(0, 1, 1)"
3689,"(2, 0, 1)"
3690,"(2, 0, 1)"
3692,"(1, 0, 2)"
3693,"(0, 0, 2)"
3694,"(2, 0, 2)"
3695,"(0, 1, 1)"
3698,"(0, 1, 2)"
3699,"(1, 0, 1)"
3700,"(2, 0, 1)"
3701,"(1, 0, 1)"
3702,"(1, 1, 1)"
3705,"(1, 1, 2)"
3706,"(0, 0, 2)"
3708,"(0, 1, 1)"
3710,"(0, 1, 2)"
3713,"(2, 1, 1)"
3715,"(2, 1, 2)"
3716,"(2, 1, 2)"
3718,"(0, 1, 1)"
3720,"(2, 1, 2)"
3724,"(2, 1, 1)"
3725,"(0, 1, 2)"
3726,"(0, 1, 2)"
3727,"(2, 0, 2)"
3728,"(0, 1, 2)"
3729,"(0, 1, 2)"
3731,"(1, 1, 1)"
3732,"(1, 0, 2)"
3734,"(1, 1, 2)"
3736,"(1, 0, 2)"
3737,"(2, 0, 1)"
3738,"(2, 0, 2)"
3739,"(1, 0, 1)"
3740,"(2, 1, 1)"
3741,"(0, 1, 1)"
3742,"(0, 1, 2)"
3744,"(0, 1, 1)"
3745,"(0, 1, 2)"
3746,"(2, 0, 2)"
3747,"(2, 0, 1)"
3748,"(0, 1, 2)"
3749,"(1, 0, 1)"
3750,"(2, 0, 1)"
3751,"(0, 1, 1)"
3752,"(0, 2, 1)"
3754,"(1, 0, 1)"
3755,"(1, 0, 2)"
3756,"(1, 1, 1)"
3757,"(2, 0, 1)"
3758,"(0, 1, 1)"
3760,"(1, 0, 2)"
3761,"(0, 1, 2)"
3762,"(2, 1, 2)"
3766,"(2, 0, 2)"
3767,"(0, 0, 2)"
3768,"(2, 1, 1)"
3769,"(2, 1, 1)"
3770,"(1, 0, 2)"
3771,"(2, 1, 1)"
3774,"(2, 1, 2)"
3775,"(0, 0, 2)"
3776,"(2, 0, 2)"
3777,"(2, 0, 2)"
3778,"(1, 1, 2)"
3780,"(1, 1, 2)"
3781,"(2, 1, 1)"
3782,"(2, 1, 1)"
3783,"(1, 0, 1)"
3784,"(2, 0, 2)"
3785,"(0, 1, 1)"
3787,"(1, 1, 2)"
3788,"(2, 0, 2)"
3789,"(2, 0, 2)"
3790,"(2, 1, 1)"
3793,"(0, 1, 2)"
3794,"(2, 1, 1)"
3795,"(0, 1, 2)"
3796,"(1, 0, 2)"
3797,"(0, 0, 2)"
3799,"(2, 0, 2)"
3801,"(2, 1, 1)"
3802,"(2, 0, 2)"
3803,"(2, 0, 0)"
3805,"(0, 1, 2)"
3806,"(1, 0, 2)"
3807,"(1, 1, 1)"
3808,"(2, 1, 2)"
3809,"(0, 0, 2)"
3810,"(2, 1, 1)"
3812,"(0, 1, 2)"
3814,"(0, 1, 2)"
3816,"(1, 0, 2)"
3818,"(1, 1, 2)"
3819,"(2, 1, 1)"
3820,"(0, 1, 1)"
3821,"(0, 1, 1)"
3822,"(0, 1, 2)"
3823,"(2, 0, 2)"
3826,"(2, 1, 2)"
3827,"(0, 0, 2)"
3828,"(1, 1, 1)"
3829,"(0, 1, 2)"
3831,"(1, 1, 2)"
3832,"(2, 0, 1)"
3833,"(1, 0, 1)"
3834,"(1, 1, 2)"
3837,"(2, 0, 2)"
3838,"(2, 1, 2)"
3839,"(2, 0, 2)"
3841,"(2, 0, 1)"
3843,"(1, 1, 2)"
3844,"(2, 0, 2)"
3846,"(0, 1, 1)"
3849,"(1, 1, 2)"
3850,"(1, 0, 2)"
3852,"(2, 0, 1)"
3853,"(2, 1, 1)"
3854,"(0, 1, 2)"
3856,"(0, 1, 2)"
3857,"(2, 1, 1)"
3858,"(2, 1, 1)"
3859,"(2, 1, 1)"
3860,"(1, 1, 1)"
3862,"(2, 1, 1)"
3863,"(2, 0, 1)"
3865,"(1, 1, 1)"
3866,"(1, 1, 2)"
3867,"(2, 0, 1)"
3868,"(2, 1, 1)"
3869,"(2, 1, 1)"
3870,"(1, 0, 2)"
3871,"(0, 0, 2)"
3873,"(2, 1, 1)"
3874,"(1, 0, 0)"
3875,"(1, 0, 1)"
3876,"(1, 0, 2)"
3878,"(0, 1, 2)"
3880,"(0, 1, 2)"
3881,"(1, 1, 1)"
3882,"(0, 1, 2)"
3884,"(2, 0, 2)"
3885,"(2, 0, 1)"
3887,"(0, 0, 2)"
3889,"(0, 1, 2)"
3891,"(0, 0, 1)"
3892,"(1, 0, 2)"
3894,"(1, 0, 2)"
3895,"(1, 1, 2)"
3897,"(1, 1, 1)"
3899,"(0, 1, 1)"
3900,"(0, 1, 2)"
3902,"(0, 1, 1)"
3903,"(1, 1, 2)"
3904,"(2, 1, 1)"
3908,"(2, 1, 2)"
3909,"(0, 1, 2)"
3910,"(2, 1, 2)"
3911,"(2, 0, 2)"
3912,"(1, 0, 2)"
3913,"(2, 0, 1)"
3916,"(0, 1, 1)"
3918,"(1, 0, 1)"
3920,"(0, 1, 1)"
3921,"(1, 1, 2)"
3922,"(2, 0, 1)"
3923,"(0, 1, 2)"
3924,"(2, 0, 1)"
3925,"(1, 0, 2)"
3926,"(1, 0, 2)"
3927,"(0, 1, 1)"
3929,"(2, 0, 1)"
3930,"(1, 1, 2)"
3931,"(0, 1, 1)"
3932,"(1, 1, 2)"
3933,"(0, 0, 1)"
3934,"(1, 1, 1)"
3935,"(1, 0, 1)"
3938,"(2, 1, 2)"
3940,"(2, 1, 2)"
3941,"(0, 1, 2)"
3942,"(1, 1, 2)"
3943,"(2, 0, 2)"
3945,"(0, 1, 2)"
3946,"(2, 0, 2)"
3947,"(2, 0, 2)"
3948,"(0, 0, 1)"
3950,"(0, 1, 1)"
3951,"(0, 1, 2)"
3952,"(0, 1, 1)"
3954,"(0, 1, 1)"
3956,"(2, 1, 2)"
3957,"(1, 0, 2)"
3959,"(0, 1, 1)"
3960,"(0, 0, 2)"
3961,"(2, 1, 2)"
3964,"(2, 1, 1)"
3965,"(2, 1, 1)"
3966,"(2, 1, 1)"
3967,"(0, 1, 2)"
3969,"(0, 0, 2)"
3970,"(1, 1, 1)"
3971,"(0, 1, 1)"
3972,"(0, 1, 1)"
3973,"(0, 1, 2)"
3974,"(1, 0, 2)"
3976,"(0, 1, 1)"
3978,"(2, 1, 1)"
3979,"(2, 0, 1)"
3981,"(1, 1, 1)"
3982,"(2, 1, 2)"
3983,"(1, 1, 1)"
3985,"(2, 0, 2)"
3986,"(2, 1, 2)"
3987,"(1, 0, 2)"
3989,"(2, 0, 2)"
3990,"(0, 1, 2)"
3992,"(2, 1, 2)"
3995,"(0, 1, 1)"
3996,"(2, 1, 2)"
3997,"(1, 0, 0)"
4002,"(1, 0, 2)"
4003,"(0, 1, 2)"
4004,"(0, 1, 2)"
4005,"(0, 0, 2)"
4006,"(0, 0, 2)"
4011,"(1, 0, 1)"
4012,"(2, 1, 2)"
4013,"(2, 1, 2)"
4014,"(0, 0, 2)"
4015,"(1, 0, 2)"
4016,"(0, 1, 1)"
4017,"(2, 0, 2)"
4018,"(1, 1, 2)"
4019,"(0, 1, 1)"
4021,"(2, 1, 2)"
4022,"(1, 0, 1)"
4023,"(2, 1, 1)"
4024,"(0, 0, 2)"
4025,"(2, 1, 2)"
4026,"(0, 1, 1)"
4027,"(0, 1, 2)"
4028,"(1, 1, 2)"
4031,"(1, 1, 2)"
4032,"(0, 1, 2)"
4033,"(0, 0, 2)"
4034,"(2, 0, 2)"
4035,"(2, 0, 2)"
4037,"(1, 0, 2)"
4038,"(2, 0, 1)"
4039,"(0, 0, 2)"
4040,"(0, 1, 2)"
4041,"(1, 1, 1)"
4045,"(2, 1, 2)"
4046,"(1, 0, 1)"
4049,"(2, 0, 1)"
4050,"(0, 1, 2)"
4051,"(0, 1, 2)"
4052,"(2, 1, 2)"
4053,"(1, 0, 2)"
4055,"(0, 1, 1)"
4056,"(2, 0, 2)"
4059,"(2, 1, 1)"
4060,"(2, 1, 2)"
4065,"(0, 1, 2)"
4067,"(0, 0, 2)"
4069,"(0, 1, 2)"
4070,"(2, 1, 1)"
4072,"(1, 0, 2)"
4074,"(0, 1, 2)"
4076,"(2, 0, 2)"
4077,"(1, 0, 2)"
4078,"(1, 1, 2)"
4079,"(0, 1, 1)"
4080,"(1, 1, 2)"
4081,"(2, 0, 1)"
4082,"(0, 1, 2)"
4083,"(0, 1, 1)"
4084,"(2, 0, 2)"
4085,"(2, 1, 1)"
4086,"(2, 0, 2)"
4087,"(2, 1, 1)"
4088,"(1, 0, 1)"
4090,"(2, 0, 2)"
4092,"(1, 1, 2)"
4093,"(0, 0, 2)"
4094,"(2, 1, 2)"
4095,"(2, 1, 2)"
4097,"(2, 0, 2)"
4098,"(0, 1, 2)"
4099,"(2, 1, 2)"
4100,"(0, 1, 1)"
4102,"(0, 1, 2)"
4103,"(0, 0, 2)"
4107,"(2, 0, 2)"
4109,"(2, 1, 2)"
4111,"(2, 0, 1)"
4114,"(0, 1, 1)"
4115,"(0, 0, 2)"
4116,"(1, 1, 1)"
4117,"(0, 1, 2)"
4120,"(0, 0, 2)"
4121,"(2, 0, 1)"
4124,"(1, 1, 2)"
4125,"(2, 1, 2)"
4126,"(1, 1, 1)"
4128,"(0, 1, 2)"
4129,"(2, 0, 0)"
4131,"(0, 1, 1)"
4133,"(1, 0, 1)"
4135,"(2, 1, 2)"
4136,"(2, 1, 2)"
4139,"(0, 2, 1)"
4141,"(1, 0, 2)"
4142,"(0, 0, 2)"
4144,"(1, 1, 2)"
4145,"(2, 1, 2)"
4146,"(0, 1, 2)"
4147,"(0, 0, 2)"
4148,"(0, 0, 2)"
4149,"(0, 1, 1)"
4150,"(0, 1, 1)"
4153,"(0, 1, 2)"
4155,"(1, 1, 2)"
4157,"(0, 1, 1)"
4160,"(1, 0, 1)"
4163,"(2, 1, 1)"
4164,"(0, 1, 2)"
4165,"(1, 1, 2)"
4166,"(0, 1, 1)"
4167,"(2, 0, 2)"
4169,"(1, 0, 2)"
4170,"(1, 1, 2)"
4172,"(2, 1, 2)"
4173,"(1, 1, 2)"
4174,"(2, 1, 1)"
4175,"(0, 1, 1)"
4176,"(2, 0, 2)"
4177,"(1, 1, 2)"
4178,"(2, 1, 2)"
4179,"(2, 1, 2)"
4180,"(1, 0, 1)"
4181,"(0, 0, 2)"
4182,"(1, 1, 2)"
4183,"(1, 1, 1)"
4184,"(0, 0, 2)"
4185,"(0, 1, 1)"
4186,"(0, 1, 2)"
4187,"(2, 1, 1)"
4188,"(0, 1, 1)"
4189,"(2, 1, 2)"
4190,"(1, 0, 2)"
4191,"(0, 1, 1)"
4192,"(1, 0, 2)"
4193,"(2, 1, 1)"
4194,"(0, 1, 1)"
4197,"(0, 1, 1)"
4198,"(2, 0, 1)"
4199,"(0, 0, 2)"
4200,"(2, 1, 2)"
4201,"(0, 0, 2)"
4202,"(0, 1, 1)"
4203,"(0, 1, 2)"
4205,"(2, 0, 1)"
4209,"(2, 0, 2)"
4210,"(2, 0, 1)"
4211,"(0, 1, 2)"
4212,"(1, 1, 2)"
4213,"(0, 1, 1)"
4214,"(1, 1, 2)"
4215,"(1, 0, 2)"
4217,"(2, 0, 2)"
4218,"(0, 0, 2)"
4219,"(0, 1, 1)"
4221,"(2, 1, 2)"
4222,"(0, 1, 1)"
4223,"(0, 1, 2)"
4225,"(0, 1, 2)"
4226,"(2, 1, 1)"
4229,"(1, 1, 2)"
4230,"(1, 1, 1)"
4231,"(0, 1, 2)"
4232,"(2, 0, 2)"
4233,"(0, 0, 2)"
4234,"(2, 1, 2)"
4235,"(1, 1, 2)"
4236,"(0, 0, 2)"
4239,"(0, 0, 2)"
4241,"(1, 1, 2)"
4242,"(1, 1, 2)"
4243,"(2, 1, 2)"
4244,"(0, 1, 1)"
4245,"(2, 1, 1)"
4246,"(0, 0, 1)"
4247,"(1, 1, 2)"
4248,"(1, 0, 1)"
4249,"(1, 1, 2)"
4251,"(2, 1, 1)"
4252,"(1, 1, 2)"
4253,"(1, 0, 1)"
4255,"(1, 1, 1)"
4257,"(2, 1, 2)"
4259,"(0, 1, 2)"
4261,"(1, 0, 1)"
4262,"(2, 1, 1)"
4263,"(0, 1, 1)"
4264,"(2, 0, 0)"
4265,"(2, 1, 2)"
4266,"(0, 1, 2)"
4267,"(2, 0, 2)"
4268,"(2, 1, 2)"
4270,"(0, 1, 2)"
4271,"(0, 1, 2)"
4273,"(1, 0, 1)"
4274,"(2, 0, 2)"
4275,"(1, 0, 0)"
4276,"(0, 1, 2)"
4279,"(2, 0, 0)"
4281,"(0, 1, 2)"
4283,"(1, 0, 2)"
4284,"(0, 1, 2)"
4285,"(2, 0, 2)"
4287,"(0, 1, 1)"
4288,"(2, 0, 2)"
4289,"(0, 1, 2)"
4290,"(1, 1, 2)"
4291,"(0, 1, 1)"
4293,"(0, 1, 2)"
4295,"(1, 1, 1)"
4296,"(1, 0, 2)"
4297,"(2, 1, 1)"
4299,"(2, 0, 0)"
4300,"(2, 0, 2)"
4301,"(0, 0, 2)"
4302,"(0, 1, 2)"
4303,"(2, 0, 2)"
4305,"(2, 1, 2)"
4306,"(1, 0, 2)"
4307,"(2, 1, 2)"
4308,"(2, 0, 2)"
4309,"(2, 0, 1)"
4311,"(2, 1, 2)"
4312,"(0, 1, 1)"
4313,"(1, 1, 1)"
4314,"(1, 0, 2)"
4315,"(2, 0, 2)"
4316,"(0, 0, 2)"
4317,"(2, 0, 0)"
4318,"(2, 0, 2)"
4319,"(0, 1, 1)"
4322,"(1, 0, 1)"
4323,"(0, 1, 1)"
4324,"(0, 1, 2)"
4325,"(0, 1, 2)"
4326,"(2, 1, 2)"
4329,"(0, 0, 2)"
4330,"(0, 1, 2)"
4331,"(0, 0, 2)"
4332,"(0, 0, 2)"
4334,"(2, 1, 2)"
4336,"(1, 0, 1)"
4339,"(2, 0, 2)"
4341,"(2, 1, 2)"
4342,"(0, 1, 2)"
4343,"(2, 0, 2)"
4345,"(2, 0, 2)"
4346,"(1, 0, 2)"
4347,"(0, 1, 2)"
4348,"(0, 1, 2)"
4349,"(1, 0, 0)"
4350,"(2, 1, 1)"
4352,"(1, 1, 1)"
4356,"(0, 0, 1)"
4358,"(0, 1, 2)"
4359,"(0, 1, 2)"
4360,"(0, 0, 2)"
4361,"(0, 1, 1)"
4363,"(1, 1, 2)"
4364,"(0, 1, 1)"
4365,"(0, 1, 2)"
4367,"(1, 1, 2)"
4369,"(1, 0, 1)"
4372,"(2, 1, 1)"
4373,"(0, 1, 1)"
4374,"(2, 1, 1)"
4377,"(1, 0, 2)"
4378,"(1, 1, 2)"
4379,"(0, 0, 2)"
4380,"(2, 1, 1)"
4381,"(0, 1, 1)"
4382,"(0, 0, 1)"
4384,"(0, 1, 2)"
4385,"(2, 0, 2)"
4386,"(0, 0, 2)"
4388,"(0, 1, 1)"
4389,"(2, 1, 1)"
4392,"(2, 1, 2)"
4393,"(1, 0, 2)"
4394,"(0, 0, 1)"
4396,"(0, 1, 1)"
4397,"(0, 0, 2)"
4398,"(1, 1, 2)"
4399,"(2, 1, 1)"
4401,"(2, 0, 2)"
4402,"(2, 0, 0)"
4404,"(0, 0, 2)"
4405,"(2, 0, 2)"
4407,"(1, 1, 2)"
4408,"(1, 0, 2)"
4409,"(2, 0, 2)"
4411,"(2, 0, 1)"
4412,"(0, 1, 2)"
4414,"(0, 1, 2)"
4416,"(2, 0, 2)"
4417,"(1, 0, 1)"
4419,"(1, 1, 1)"
4420,"(2, 1, 1)"
4421,"(0, 1, 2)"
4422,"(1, 0, 1)"
4423,"(2, 1, 2)"
4424,"(0, 0, 2)"
4425,"(2, 0, 2)"
4426,"(2, 1, 2)"
4428,"(1, 0, 2)"
4431,"(2, 0, 1)"
4433,"(2, 1, 1)"
4434,"(1, 0, 0)"
4437,"(0, 0, 2)"
4438,"(2, 1, 2)"
4440,"(2, 0, 2)"
4441,"(2, 1, 2)"
4443,"(2, 1, 1)"
4445,"(0, 1, 2)"
4446,"(0, 1, 1)"
4448,"(2, 0, 2)"
4449,"(0, 1, 1)"
4450,"(2, 1, 2)"
4451,"(0, 1, 1)"
4452,"(2, 1, 1)"
4453,"(1, 0, 1)"
4454,"(1, 1, 2)"
4455,"(1, 0, 2)"
4456,"(2, 1, 1)"
4458,"(1, 1, 2)"
4460,"(1, 0, 2)"
4461,"(1, 0, 1)"
4462,"(1, 0, 2)"
4464,"(2, 1, 1)"
4465,"(0, 0, 1)"
4469,"(0, 1, 2)"
4470,"(0, 1, 2)"
4471,"(2, 0, 0)"
4473,"(1, 1, 2)"
4474,"(0, 1, 2)"
4476,"(1, 0, 1)"
4477,"(1, 0, 2)"
4479,"(2, 0, 2)"
4481,"(0, 1, 2)"
4485,"(0, 0, 2)"
4486,"(1, 1, 1)"
4488,"(2, 1, 2)"
4489,"(0, 1, 2)"
4490,"(0, 0, 2)"
4491,"(0, 0, 2)"
4492,"(2, 1, 1)"
4493,"(2, 1, 1)"
4494,"(1, 1, 2)"
4495,"(1, 1, 2)"
4496,"(0, 1, 2)"
4497,"(0, 0, 1)"
4498,"(0, 1, 1)"
4499,"(1, 1, 2)"
4500,"(1, 1, 1)"
4501,"(2, 0, 2)"
4502,"(2, 1, 1)"
4504,"(1, 0, 1)"
4506,"(0, 1, 2)"
4507,"(1, 0, 1)"
4509,"(2, 1, 1)"
4510,"(1, 0, 1)"
4511,"(2, 1, 1)"
4513,"(1, 0, 2)"
4514,"(0, 1, 2)"
4515,"(0, 1, 2)"
4516,"(2, 0, 2)"
4517,"(2, 1, 2)"
4519,"(2, 0, 2)"
4520,"(0, 0, 2)"
4522,"(0, 0, 2)"
4523,"(2, 1, 2)"
4526,"(0, 1, 2)"
4528,"(0, 1, 2)"
4530,"(0, 1, 1)"
4531,"(2, 0, 2)"
4532,"(1, 1, 2)"
4533,"(2, 0, 1)"
4534,"(2, 0, 2)"
4536,"(2, 1, 1)"
4539,"(1, 0, 1)"
4540,"(1, 1, 2)"
4541,"(0, 0, 2)"
4542,"(0, 1, 2)"
4543,"(0, 1, 2)"
4545,"(1, 0, 1)"
4546,"(1, 0, 2)"
4548,"(1, 1, 2)"
4551,"(0, 1, 2)"
4552,"(1, 0, 1)"
4555,"(1, 0, 2)"
4556,"(0, 1, 2)"
4557,"(2, 0, 0)"
4558,"(1, 0, 1)"
4559,"(1, 0, 1)"
4560,"(0, 1, 1)"
4561,"(2, 1, 1)"
4563,"(0, 1, 2)"
4564,"(1, 0, 1)"
4565,"(0, 1, 1)"
4567,"(0, 0, 2)"
4568,"(0, 1, 1)"
4570,"(2, 1, 2)"
4571,"(2, 1, 2)"
4573,"(0, 1, 2)"
4574,"(2, 1, 2)"
4575,"(1, 0, 2)"
4576,"(1, 0, 2)"
4578,"(0, 1, 2)"
4579,"(1, 0, 2)"
4580,"(0, 1, 1)"
4581,"(0, 1, 1)"
4582,"(1, 0, 1)"
4583,"(2, 1, 1)"
4584,"(1, 0, 1)"
4585,"(0, 1, 1)"
4588,"(2, 0, 2)"
4589,"(0, 1, 1)"
4590,"(2, 0, 2)"
4591,"(1, 0, 1)"
4592,"(1, 0, 1)"
4593,"(0, 0, 2)"
4594,"(1, 1, 2)"
4595,"(2, 0, 0)"
4596,"(1, 1, 1)"
4597,"(0, 1, 2)"
4599,"(2, 0, 1)"
4600,"(0, 1, 2)"
4601,"(2, 0, 2)"
4604,"(0, 1, 2)"
4608,"(0, 1, 2)"
4609,"(0, 1, 1)"
4611,"(2, 1, 1)"
4612,"(2, 0, 1)"
4613,"(1, 1, 2)"
4616,"(2, 1, 2)"
4619,"(0, 1, 1)"
4620,"(0, 0, 2)"
4621,"(2, 1, 2)"
4623,"(1, 0, 2)"
4624,"(0, 1, 2)"
4625,"(2, 1, 1)"
4626,"(0, 1, 2)"
4627,"(1, 0, 2)"
4628,"(2, 0, 1)"
4629,"(2, 0, 1)"
4632,"(2, 1, 2)"
4636,"(2, 0, 0)"
4638,"(0, 0, 2)"
4640,"(2, 0, 1)"
4641,"(1, 1, 1)"
4642,"(0, 0, 2)"
4643,"(0, 1, 1)"
4644,"(2, 0, 1)"
4645,"(1, 0, 2)"
4646,"(0, 0, 2)"
4649,"(0, 1, 2)"
4651,"(2, 0, 1)"
4652,"(0, 1, 2)"
4653,"(1, 0, 1)"
4654,"(2, 1, 1)"
4657,"(1, 0, 1)"
4658,"(2, 1, 2)"
4660,"(2, 0, 2)"
4661,"(1, 0, 0)"
4662,"(2, 0, 1)"
4663,"(1, 1, 2)"
4664,"(2, 1, 2)"
4665,"(1, 0, 1)"
4666,"(2, 1, 1)"
4669,"(1, 0, 2)"
4670,"(2, 1, 2)"
4671,"(1, 1, 1)"
4672,"(0, 1, 2)"
4673,"(1, 1, 1)"
4674,"(1, 1, 2)"
4675,"(2, 1, 2)"
4676,"(2, 0, 2)"
4677,"(2, 1, 2)"
4678,"(2, 1, 1)"
4680,"(1, 1, 2)"
4682,"(1, 1, 2)"
4683,"(2, 1, 1)"
4684,"(2, 1, 1)"
4686,"(1, 0, 1)"
4688,"(2, 0, 2)"
4689,"(1, 0, 2)"
4690,"(2, 0, 2)"
4691,"(2, 1, 1)"
4693,"(2, 1, 2)"
4695,"(2, 0, 0)"
4696,"(2, 0, 1)"
4697,"(0, 0, 2)"
4698,"(0, 0, 2)"
4699,"(2, 1, 2)"
4700,"(1, 0, 0)"
4701,"(0, 1, 1)"
4702,"(0, 1, 2)"
4703,"(2, 1, 2)"
4705,"(1, 0, 0)"
4706,"(0, 1, 2)"
4707,"(0, 1, 2)"
4708,"(2, 1, 2)"
4709,"(0, 1, 2)"
4710,"(1, 1, 2)"
4711,"(1, 0, 2)"
4712,"(0, 1, 2)"
4713,"(0, 1, 2)"
4714,"(0, 1, 1)"
4715,"(1, 1, 2)"
4717,"(1, 0, 2)"
4718,"(2, 1, 2)"
4720,"(0, 1, 2)"
4721,"(0, 1, 2)"
4723,"(2, 1, 2)"
4724,"(0, 1, 2)"
4725,"(2, 1, 1)"
4726,"(0, 1, 1)"
4727,"(2, 0, 2)"
4730,"(1, 0, 0)"
4732,"(2, 0, 2)"
4734,"(0, 1, 2)"
4735,"(2, 1, 2)"
4738,"(2, 0, 2)"
4740,"(0, 0, 1)"
4742,"(1, 1, 1)"
4743,"(2, 0, 2)"
4744,"(1, 1, 2)"
4745,"(0, 0, 2)"
4746,"(0, 1, 1)"
4747,"(2, 0, 2)"
4748,"(2, 0, 0)"
4749,"(0, 0, 1)"
4751,"(0, 1, 2)"
4753,"(0, 1, 2)"
4754,"(2, 1, 1)"
4755,"(0, 0, 2)"
4757,"(2, 0, 2)"
4758,"(0, 1, 2)"
4759,"(0, 1, 2)"
4761,"(0, 1, 1)"
4763,"(2, 0, 0)"
4766,"(0, 0, 2)"
4767,"(1, 0, 2)"
4769,"(2, 0, 2)"
4770,"(0, 0, 2)"
4772,"(0, 1, 1)"
4773,"(2, 0, 2)"
4774,"(2, 0, 2)"
4776,"(0, 1, 2)"
4777,"(1, 1, 1)"
4778,"(0, 0, 2)"
4779,"(0, 1, 1)"
4780,"(0, 1, 2)"
4781,"(0, 1, 1)"
4782,"(0, 0, 2)"
4784,"(1, 1, 2)"
4785,"(2, 1, 2)"
4787,"(0, 1, 2)"
4788,"(0, 1, 2)"
4789,"(0, 1, 1)"
4790,"(1, 1, 2)"
4791,"(1, 0, 1)"
4792,"(2, 1, 1)"
4793,"(1, 1, 2)"
4795,"(1, 1, 2)"
4796,"(0, 1, 2)"
4799,"(0, 1, 1)"
4800,"(2, 0, 0)"
4801,"(0, 1, 2)"
4803,"(1, 0, 2)"
4804,"(2, 1, 1)"
4805,"(2, 0, 2)"
4806,"(2, 0, 2)"
4807,"(2, 1, 1)"
4810,"(1, 1, 2)"
4811,"(1, 0, 1)"
4813,"(1, 1, 2)"
4814,"(2, 0, 2)"
4815,"(0, 1, 1)"
4816,"(2, 1, 1)"
4817,"(0, 1, 2)"
4818,"(2, 0, 1)"
4819,"(1, 0, 1)"
4820,"(2, 1, 2)"
4821,"(2, 0, 2)"
4822,"(2, 0, 2)"
4823,"(2, 1, 1)"
4824,"(1, 0, 1)"
4825,"(1, 0, 2)"
4826,"(2, 0, 1)"
4827,"(0, 1, 1)"
4828,"(1, 0, 0)"
4829,"(0, 1, 2)"
4830,"(2, 0, 1)"
4831,"(0, 0, 2)"
4833,"(2, 1, 2)"
4835,"(1, 0, 1)"
4836,"(1, 1, 1)"
4837,"(2, 0, 2)"
4838,"(0, 1, 2)"
4839,"(2, 0, 2)"
4840,"(0, 1, 2)"
4841,"(1, 0, 1)"
4842,"(1, 0, 0)"
4844,"(1, 1, 2)"
4845,"(0, 1, 2)"
4847,"(0, 1, 2)"
4849,"(1, 0, 1)"
4850,"(2, 0, 2)"
4851,"(2, 0, 1)"
4854,"(1, 1, 1)"
4855,"(0, 1, 1)"
4856,"(2, 1, 1)"
4857,"(2, 1, 1)"
4858,"(1, 1, 2)"
4861,"(1, 1, 2)"
4862,"(2, 0, 2)"
4864,"(0, 1, 2)"
4865,"(0, 1, 2)"
4866,"(1, 0, 1)"
4867,"(1, 0, 2)"
4868,"(2, 1, 2)"
4869,"(2, 0, 2)"
4870,"(1, 0, 2)"
4871,"(2, 0, 1)"
4873,"(1, 1, 2)"
4875,"(2, 0, 0)"
4876,"(1, 0, 1)"
4877,"(0, 1, 2)"
4878,"(0, 1, 2)"
4879,"(0, 0, 1)"
4880,"(1, 0, 0)"
4882,"(2, 1, 2)"
4884,"(0, 1, 1)"
4885,"(2, 0, 1)"
4886,"(2, 1, 2)"
4889,"(0, 1, 2)"
4891,"(2, 0, 2)"
4892,"(0, 1, 2)"
4893,"(0, 1, 2)"
4894,"(0, 1, 2)"
4896,"(1, 0, 0)"
4897,"(0, 1, 2)"
4901,"(0, 1, 2)"
4902,"(0, 0, 2)"
4903,"(2, 0, 1)"
4904,"(1, 0, 2)"
4905,"(2, 1, 1)"
4906,"(1, 1, 2)"
4907,"(0, 0, 1)"
4910,"(1, 1, 2)"
4911,"(0, 1, 2)"
4913,"(0, 1, 2)"
4914,"(1, 0, 2)"
4915,"(0, 0, 2)"
4916,"(0, 1, 2)"
4918,"(0, 1, 1)"
4919,"(2, 0, 1)"
4920,"(2, 0, 1)"
4922,"(2, 0, 1)"
4923,"(1, 0, 1)"
4924,"(2, 1, 2)"
4925,"(2, 1, 1)"
4926,"(0, 1, 2)"
4927,"(2, 1, 1)"
4930,"(2, 1, 1)"
4931,"(2, 1, 2)"
4932,"(0, 1, 1)"
4933,"(2, 1, 2)"
4934,"(2, 1, 2)"
4935,"(0, 1, 2)"
4936,"(0, 1, 2)"
4939,"(0, 0, 2)"
4940,"(0, 1, 1)"
4942,"(2, 1, 2)"
4946,"(0, 1, 2)"
4947,"(1, 1, 1)"
4948,"(0, 1, 1)"
4949,"(2, 1, 2)"
4950,"(2, 1, 1)"
4952,"(0, 1, 2)"
4953,"(0, 1, 2)"
4954,"(0, 1, 1)"
4955,"(0, 0, 2)"
4956,"(1, 1, 1)"
4957,"(1, 1, 1)"
4958,"(2, 1, 2)"
4959,"(0, 0, 2)"
4960,"(0, 0, 2)"
4961,"(2, 1, 1)"
4962,"(2, 1, 2)"
4963,"(2, 0, 2)"
4965,"(1, 0, 2)"
4967,"(1, 0, 2)"
4968,"(1, 0, 1)"
4969,"(0, 1, 2)"
4974,"(2, 0, 2)"
4976,"(1, 0, 1)"
4977,"(1, 1, 2)"
4980,"(0, 0, 2)"
4982,"(1, 1, 2)"
4984,"(2, 1, 2)"
4985,"(2, 0, 1)"
4986,"(2, 0, 2)"
4987,"(0, 1, 1)"
4988,"(2, 1, 1)"
4989,"(0, 0, 2)"
4990,"(0, 1, 2)"
4992,"(0, 1, 1)"
4993,"(0, 0, 2)"
4994,"(2, 0, 1)"
4995,"(1, 0, 1)"
4997,"(0, 0, 2)"
5000,"(2, 0, 2)"
5001,"(2, 1, 2)"
5002,"(1, 0, 0)"
5003,"(2, 1, 1)"
5004,"(1, 1, 1)"
5005,"(1, 1, 1)"
5006,"(0, 1, 1)"
5007,"(0, 1, 2)"
5008,"(1, 0, 1)"
5009,"(2, 0, 2)"
5011,"(2, 1, 1)"
5013,"(0, 1, 2)"
5014,"(2, 0, 1)"
5016,"(0, 0, 2)"
5018,"(2, 0, 2)"
5019,"(2, 1, 1)"
5021,"(0, 1, 1)"
5022,"(2, 1, 1)"
5024,"(0, 1, 2)"
5025,"(0, 1, 2)"
5026,"(1, 1, 2)"
5027,"(1, 0, 1)"
5028,"(2, 0, 1)"
5030,"(0, 1, 2)"
5033,"(1, 1, 2)"
5034,"(0, 0, 2)"
5037,"(2, 0, 2)"
5038,"(2, 0, 0)"
5041,"(2, 1, 2)"
5042,"(2, 0, 2)"
5044,"(1, 1, 1)"
5045,"(2, 0, 2)"
5046,"(2, 0, 1)"
5047,"(1, 0, 1)"
5048,"(1, 1, 2)"
5049,"(0, 1, 2)"
5050,"(1, 0, 1)"
5051,"(1, 0, 1)"
5052,"(2, 1, 2)"
5053,"(2, 1, 2)"
5055,"(0, 1, 2)"
5056,"(2, 0, 2)"
5057,"(0, 1, 2)"
5058,"(2, 0, 0)"
5059,"(2, 1, 2)"
5060,"(1, 0, 0)"
5061,"(2, 0, 1)"
5064,"(0, 1, 1)"
5065,"(0, 0, 2)"
5067,"(0, 1, 2)"
5069,"(2, 0, 2)"
5070,"(1, 1, 1)"
5071,"(0, 1, 2)"
5072,"(2, 0, 1)"
5074,"(0, 1, 1)"
5075,"(1, 0, 1)"
5076,"(2, 0, 2)"
5077,"(1, 1, 2)"
5078,"(1, 1, 1)"
5079,"(1, 0, 2)"
5081,"(0, 1, 1)"
5083,"(0, 1, 1)"
5084,"(0, 0, 2)"
5085,"(2, 0, 2)"
5086,"(1, 1, 2)"
5087,"(0, 1, 1)"
5088,"(1, 0, 1)"
5089,"(0, 1, 2)"
5090,"(0, 0, 2)"
5091,"(2, 0, 2)"
5092,"(0, 1, 1)"
5094,"(0, 0, 2)"
5095,"(2, 1, 2)"
5096,"(1, 1, 2)"
5098,"(1, 0, 1)"
5099,"(2, 1, 2)"
5101,"(2, 1, 1)"
5102,"(2, 1, 2)"
5103,"(2, 0, 1)"
5104,"(0, 1, 2)"
5105,"(0, 0, 2)"
5106,"(2, 0, 2)"
5108,"(0, 1, 1)"
5109,"(1, 1, 1)"
5110,"(2, 0, 2)"
5112,"(2, 0, 2)"
5114,"(1, 1, 2)"
5115,"(0, 1, 2)"
5116,"(2, 0, 2)"
5117,"(2, 1, 2)"
5121,"(0, 0, 2)"
5122,"(0, 0, 2)"
5123,"(0, 1, 2)"
5124,"(0, 1, 2)"
5125,"(1, 1, 1)"
5127,"(2, 1, 1)"
5130,"(0, 1, 2)"
5131,"(2, 1, 2)"
5132,"(1, 0, 1)"
5135,"(0, 0, 2)"
5136,"(2, 1, 2)"
5137,"(0, 1, 2)"
5144,"(0, 0, 2)"
5145,"(0, 1, 1)"
5146,"(2, 0, 1)"
5147,"(0, 0, 2)"
5148,"(2, 0, 0)"
5149,"(0, 1, 1)"
5150,"(2, 1, 2)"
5151,"(0, 0, 2)"
5152,"(0, 0, 2)"
5153,"(2, 1, 2)"
5154,"(1, 0, 2)"
5155,"(0, 1, 2)"
5156,"(2, 0, 2)"
5157,"(1, 0, 2)"
5158,"(0, 1, 2)"
5159,"(0, 1, 1)"
5160,"(1, 0, 2)"
5161,"(1, 1, 1)"
5162,"(0, 1, 2)"
5164,"(0, 1, 2)"
5165,"(1, 1, 2)"
5167,"(1, 0, 2)"
5169,"(1, 0, 1)"
5171,"(0, 1, 2)"
5172,"(2, 1, 1)"
5173,"(2, 1, 2)"
5174,"(0, 1, 2)"
5175,"(2, 0, 2)"
5177,"(1, 0, 0)"
5178,"(1, 1, 1)"
5179,"(1, 0, 1)"
5180,"(2, 1, 2)"
5182,"(0, 1, 1)"
5183,"(0, 1, 2)"
5185,"(1, 1, 2)"
5186,"(2, 0, 2)"
5188,"(2, 1, 2)"
5189,"(2, 1, 2)"
5191,"(2, 0, 1)"
5192,"(2, 1, 1)"
5193,"(1, 1, 2)"
5194,"(0, 1, 1)"
5195,"(1, 1, 2)"
5196,"(0, 1, 2)"
5198,"(2, 1, 2)"
5199,"(2, 1, 2)"
5200,"(1, 0, 2)"
5201,"(1, 0, 2)"
5203,"(2, 0, 2)"
5205,"(2, 1, 1)"
5206,"(1, 1, 2)"
5207,"(2, 0, 1)"
5210,"(1, 0, 2)"
5212,"(2, 1, 2)"
5214,"(2, 1, 1)"
5215,"(2, 0, 2)"
5217,"(2, 1, 1)"
5218,"(1, 1, 2)"
5219,"(2, 0, 2)"
5220,"(0, 1, 1)"
5224,"(2, 0, 2)"
5225,"(2, 1, 2)"
5226,"(1, 0, 2)"
5227,"(0, 0, 2)"
5229,"(2, 0, 2)"
5230,"(2, 0, 1)"
5232,"(2, 0, 2)"
5233,"(1, 0, 2)"
5235,"(0, 1, 2)"
5237,"(2, 0, 2)"
5239,"(2, 0, 2)"
5240,"(2, 0, 1)"
5241,"(2, 0, 2)"
5242,"(1, 1, 2)"
5243,"(2, 1, 2)"
5244,"(2, 0, 1)"
5245,"(1, 1, 1)"
5246,"(1, 1, 2)"
5247,"(2, 0, 2)"
5248,"(0, 1, 1)"
5249,"(0, 1, 2)"
5251,"(1, 0, 1)"
5253,"(2, 0, 1)"
5254,"(1, 1, 2)"
5257,"(0, 1, 1)"
5258,"(2, 0, 1)"
5259,"(2, 1, 2)"
5260,"(2, 1, 2)"
5261,"(2, 1, 1)"
5263,"(2, 1, 1)"
5265,"(2, 0, 0)"
5266,"(1, 1, 2)"
5269,"(1, 1, 2)"
5270,"(1, 1, 1)"
5271,"(2, 0, 1)"
5272,"(0, 0, 2)"
5273,"(1, 0, 2)"
5274,"(0, 1, 1)"
5275,"(0, 1, 1)"
5277,"(2, 0, 2)"
5278,"(2, 0, 1)"
5280,"(0, 1, 1)"
5281,"(1, 1, 2)"
5283,"(0, 0, 2)"
5285,"(2, 1, 1)"
5287,"(1, 0, 1)"
5290,"(0, 1, 2)"
5291,"(0, 1, 2)"
5294,"(0, 1, 2)"
5295,"(1, 1, 1)"
5296,"(2, 0, 0)"
5297,"(0, 0, 2)"
5298,"(1, 0, 0)"
5299,"(1, 1, 2)"
5300,"(1, 0, 2)"
5306,"(2, 1, 1)"
5307,"(2, 1, 2)"
5308,"(0, 0, 2)"
5309,"(2, 1, 1)"
5310,"(0, 0, 2)"
5311,"(2, 0, 0)"
5314,"(0, 1, 2)"
5315,"(2, 0, 2)"
5316,"(0, 1, 2)"
5317,"(1, 0, 2)"
5318,"(2, 1, 2)"
5319,"(2, 1, 1)"
5323,"(0, 0, 2)"
5324,"(1, 1, 2)"
5325,"(1, 1, 1)"
5326,"(0, 1, 1)"
5328,"(1, 1, 1)"
5330,"(2, 0, 2)"
5331,"(2, 0, 0)"
5332,"(0, 1, 2)"
5333,"(0, 0, 2)"
5334,"(0, 1, 1)"
5336,"(1, 1, 1)"
5337,"(2, 1, 1)"
5338,"(0, 1, 1)"
5339,"(2, 1, 2)"
5340,"(2, 0, 1)"
5344,"(1, 1, 2)"
5346,"(2, 1, 1)"
5347,"(1, 1, 2)"
5348,"(2, 0, 2)"
5349,"(0, 1, 1)"
5350,"(0, 0, 2)"
5351,"(1, 1, 1)"
5352,"(1, 0, 2)"
5354,"(1, 1, 1)"
5355,"(2, 1, 1)"
5356,"(2, 0, 2)"
5357,"(2, 0, 0)"
5358,"(0, 1, 1)"
5360,"(1, 0, 2)"
5361,"(2, 0, 1)"
5362,"(0, 1, 2)"
5363,"(0, 1, 2)"
5364,"(0, 1, 2)"
5366,"(0, 1, 2)"
5367,"(1, 1, 2)"
5368,"(2, 0, 1)"
5369,"(2, 1, 1)"
5370,"(2, 0, 1)"
5373,"(2, 0, 1)"
5374,"(2, 1, 1)"
5375,"(1, 0, 2)"
5376,"(2, 1, 2)"
5377,"(2, 1, 2)"
5378,"(0, 1, 1)"
5379,"(2, 0, 2)"
5381,"(1, 1, 2)"
5382,"(0, 1, 2)"
5383,"(1, 1, 2)"
5385,"(0, 1, 2)"
5386,"(2, 1, 2)"
5387,"(1, 1, 2)"
5388,"(2, 0, 0)"
5389,"(2, 1, 1)"
5390,"(2, 0, 2)"
5391,"(0, 1, 2)"
5392,"(2, 0, 2)"
5394,"(0, 0, 2)"
5396,"(0, 1, 1)"
5397,"(0, 1, 2)"
5402,"(2, 1, 1)"
5405,"(0, 1, 2)"
5406,"(2, 1, 2)"
5408,"(1, 1, 2)"
5409,"(1, 0, 2)"
5410,"(2, 0, 1)"
5411,"(2, 1, 2)"
5412,"(2, 0, 2)"
5415,"(1, 0, 2)"
5417,"(1, 0, 2)"
5420,"(2, 1, 2)"
5421,"(1, 0, 2)"
5422,"(2, 1, 2)"
5424,"(2, 1, 1)"
5425,"(1, 1, 1)"
5426,"(2, 0, 1)"
5428,"(1, 0, 1)"
5429,"(2, 1, 1)"
5430,"(1, 1, 2)"
5433,"(0, 1, 2)"
5434,"(0, 1, 2)"
5437,"(1, 0, 2)"
5438,"(0, 1, 2)"
5439,"(0, 1, 1)"
5440,"(0, 0, 2)"
5441,"(2, 0, 0)"
5442,"(1, 0, 2)"
5443,"(2, 1, 1)"
5444,"(0, 1, 2)"
5446,"(1, 1, 2)"
5447,"(0, 1, 2)"
5448,"(0, 1, 1)"
5449,"(1, 0, 1)"
5450,"(1, 0, 1)"
5451,"(1, 0, 1)"
5453,"(2, 1, 1)"
5454,"(1, 1, 2)"
5455,"(0, 1, 1)"
5456,"(0, 1, 1)"
5457,"(1, 0, 1)"
5458,"(0, 1, 2)"
5459,"(2, 0, 2)"
5460,"(2, 0, 2)"
5462,"(0, 0, 2)"
5463,"(2, 1, 2)"
5464,"(2, 0, 1)"
5465,"(2, 1, 1)"
5466,"(0, 1, 2)"
5467,"(0, 1, 1)"
5468,"(0, 1, 2)"
5469,"(0, 1, 2)"
5470,"(0, 1, 1)"
5471,"(0, 1, 1)"
5473,"(0, 0, 2)"
5476,"(0, 1, 2)"
5477,"(0, 1, 2)"
5480,"(0, 0, 2)"
5481,"(0, 1, 2)"
5484,"(2, 1, 1)"
5485,"(2, 0, 2)"
5486,"(1, 0, 1)"
5487,"(0, 0, 2)"
5488,"(2, 1, 2)"
5490,"(1, 1, 2)"
5491,"(0, 0, 2)"
5493,"(2, 0, 1)"
5495,"(2, 1, 1)"
5496,"(2, 1, 2)"
5497,"(2, 1, 1)"
5498,"(2, 0, 2)"
5499,"(2, 0, 2)"
5500,"(1, 1, 2)"
5501,"(0, 1, 1)"
5502,"(0, 0, 2)"
5503,"(2, 1, 1)"
5504,"(1, 0, 2)"
5505,"(1, 0, 1)"
5506,"(2, 0, 0)"
5507,"(0, 0, 2)"
5508,"(2, 1, 2)"
5510,"(2, 1, 1)"
5511,"(1, 1, 2)"
5513,"(0, 1, 2)"
5517,"(2, 0, 1)"
5518,"(2, 1, 1)"
5520,"(0, 1, 2)"
5522,"(0, 0, 2)"
5523,"(1, 0, 2)"
5524,"(2, 1, 2)"
5525,"(2, 0, 1)"
5526,"(2, 0, 1)"
5527,"(2, 0, 2)"
5528,"(0, 1, 1)"
5529,"(1, 1, 2)"
5530,"(2, 0, 1)"
5531,"(1, 0, 1)"
5537,"(2, 0, 2)"
5538,"(0, 1, 2)"
5540,"(1, 0, 2)"
5543,"(0, 1, 2)"
5545,"(0, 1, 2)"
5546,"(0, 0, 1)"
5547,"(1, 1, 1)"
5548,"(2, 1, 1)"
5549,"(1, 1, 2)"
5551,"(2, 0, 2)"
5552,"(2, 0, 1)"
5554,"(1, 1, 2)"
5556,"(2, 1, 1)"
5557,"(2, 0, 2)"
5558,"(1, 0, 2)"
5559,"(0, 1, 1)"
5561,"(1, 0, 2)"
5563,"(2, 1, 2)"
5565,"(0, 1, 1)"
5566,"(0, 1, 1)"
5567,"(1, 0, 2)"
5568,"(2, 0, 1)"
5570,"(1, 1, 2)"
5572,"(0, 0, 1)"
5573,"(1, 1, 2)"
5575,"(2, 0, 2)"
5577,"(1, 1, 1)"
5578,"(2, 1, 2)"
5579,"(0, 1, 1)"
5580,"(1, 0, 1)"
5581,"(0, 1, 2)"
5582,"(2, 1, 2)"
5583,"(1, 0, 2)"
5587,"(0, 1, 2)"
5588,"(2, 0, 2)"
5589,"(2, 1, 2)"
5590,"(1, 0, 2)"
5591,"(0, 1, 2)"
5592,"(2, 1, 1)"
5593,"(2, 0, 2)"
5594,"(0, 0, 2)"
5595,"(2, 0, 2)"
5596,"(0, 1, 2)"
5597,"(2, 1, 1)"
5598,"(1, 1, 1)"
5599,"(2, 1, 2)"
5601,"(2, 1, 2)"
5602,"(1, 0, 1)"
5603,"(1, 1, 2)"
5605,"(0, 1, 2)"
5606,"(0, 1, 1)"
5607,"(0, 1, 2)"
5608,"(2, 1, 2)"
5610,"(2, 1, 1)"
5611,"(0, 1, 1)"
5612,"(1, 0, 1)"
5613,"(1, 0, 1)"
5614,"(1, 0, 1)"
5615,"(0, 0, 2)"
5616,"(0, 1, 1)"
5617,"(2, 1, 1)"
5618,"(2, 1, 2)"
5619,"(2, 1, 2)"
5620,"(2, 1, 1)"
5622,"(2, 0, 0)"
5626,"(0, 0, 2)"
5627,"(0, 1, 1)"
5630,"(2, 1, 2)"
5631,"(2, 0, 0)"
5632,"(0, 0, 2)"
5634,"(0, 1, 1)"
5635,"(0, 1, 2)"
5636,"(1, 0, 1)"
5637,"(0, 1, 1)"
5638,"(0, 0, 2)"
5639,"(0, 0, 1)"
5642,"(0, 1, 2)"
5643,"(0, 1, 1)"
5644,"(2, 0, 2)"
5645,"(2, 1, 1)"
5646,"(0, 0, 2)"
5647,"(2, 1, 1)"
5648,"(2, 1, 1)"
5649,"(0, 0, 2)"
5650,"(2, 1, 2)"
5652,"(2, 1, 2)"
5653,"(2, 1, 2)"
5654,"(0, 1, 1)"
5655,"(2, 1, 1)"
5656,"(1, 1, 2)"
5657,"(0, 0, 2)"
5658,"(0, 1, 2)"
5660,"(1, 0, 1)"
5662,"(0, 1, 1)"
5665,"(0, 1, 1)"
5666,"(0, 1, 1)"
5667,"(0, 1, 1)"
5668,"(2, 1, 1)"
5669,"(2, 1, 1)"
5670,"(0, 1, 2)"
5672,"(0, 0, 2)"
5674,"(0, 1, 1)"
5675,"(0, 1, 2)"
5676,"(2, 1, 2)"
5678,"(1, 0, 2)"
5679,"(0, 1, 2)"
5680,"(0, 1, 1)"
5684,"(1, 0, 1)"
5685,"(2, 0, 2)"
5686,"(1, 1, 2)"
5687,"(0, 1, 2)"
5688,"(1, 0, 0)"
5689,"(0, 1, 2)"
5691,"(1, 0, 2)"
5692,"(1, 0, 1)"
5694,"(1, 0, 2)"
5696,"(0, 1, 2)"
5697,"(1, 1, 2)"
5701,"(1, 0, 1)"
5703,"(1, 0, 0)"
5707,"(2, 1, 1)"
5709,"(1, 0, 1)"
5710,"(2, 1, 1)"
5712,"(0, 1, 1)"
5714,"(0, 1, 2)"
5715,"(1, 0, 1)"
5716,"(1, 1, 2)"
5717,"(2, 1, 1)"
5718,"(0, 1, 1)"
5721,"(0, 1, 2)"
5722,"(1, 0, 1)"
5725,"(0, 1, 2)"
5726,"(0, 0, 2)"
5727,"(1, 1, 1)"
5729,"(1, 0, 1)"
5730,"(2, 1, 1)"
5731,"(2, 1, 1)"
5734,"(0, 1, 1)"
5735,"(1, 1, 1)"
5736,"(1, 1, 1)"
5738,"(0, 1, 1)"
5739,"(2, 0, 1)"
5740,"(0, 1, 2)"
5741,"(2, 1, 1)"
5746,"(0, 1, 2)"
5747,"(2, 0, 1)"
5748,"(0, 0, 2)"
5750,"(1, 0, 2)"
5751,"(2, 1, 2)"
5752,"(1, 0, 2)"
5754,"(1, 0, 1)"
5755,"(0, 1, 2)"
5756,"(2, 1, 1)"
5757,"(1, 0, 1)"
5760,"(2, 0, 2)"
5762,"(1, 1, 1)"
5763,"(2, 0, 1)"
5765,"(1, 0, 2)"
5766,"(0, 1, 1)"
5767,"(1, 0, 1)"
5768,"(2, 0, 2)"
5771,"(0, 1, 2)"
5772,"(0, 1, 1)"
5773,"(2, 1, 1)"
5775,"(0, 1, 2)"
5776,"(1, 1, 2)"
5779,"(2, 1, 1)"
5780,"(1, 0, 1)"
5781,"(2, 0, 2)"
5782,"(2, 0, 2)"
5783,"(1, 1, 1)"
5784,"(2, 0, 2)"
5786,"(0, 1, 2)"
5787,"(1, 0, 1)"
5788,"(2, 1, 1)"
5789,"(0, 1, 2)"
5790,"(0, 1, 2)"
5791,"(2, 0, 2)"
5793,"(2, 0, 1)"
5795,"(2, 0, 2)"
5796,"(2, 1, 1)"
5798,"(2, 1, 2)"
5799,"(2, 1, 1)"
5800,"(0, 1, 2)"
5801,"(1, 1, 2)"
5802,"(1, 0, 2)"
5803,"(1, 0, 2)"
5804,"(1, 0, 1)"
5805,"(0, 1, 1)"
5806,"(0, 1, 2)"
5807,"(0, 0, 2)"
5808,"(2, 0, 0)"
5809,"(1, 1, 1)"
5810,"(2, 0, 2)"
5811,"(0, 1, 1)"
5812,"(2, 1, 2)"
5813,"(2, 1, 1)"
5815,"(1, 1, 1)"
5816,"(2, 0, 1)"
5817,"(1, 0, 1)"
5818,"(1, 0, 1)"
5819,"(0, 1, 1)"
5820,"(2, 0, 2)"
5823,"(1, 0, 2)"
5824,"(1, 0, 2)"
5825,"(2, 1, 2)"
5826,"(1, 1, 2)"
5827,"(0, 1, 2)"
5828,"(1, 0, 1)"
5829,"(0, 1, 1)"
5830,"(1, 1, 1)"
5831,"(1, 0, 2)"
5832,"(0, 1, 1)"
5834,"(0, 1, 2)"
5835,"(0, 1, 2)"
5837,"(0, 0, 2)"
5838,"(0, 1, 1)"
5839,"(2, 0, 2)"
5840,"(0, 1, 1)"
5841,"(0, 1, 2)"
5842,"(1, 0, 2)"
5843,"(0, 1, 2)"
5844,"(2, 1, 1)"
5846,"(0, 1, 1)"
5847,"(1, 1, 2)"
5848,"(2, 1, 1)"
5851,"(0, 1, 2)"
5853,"(0, 1, 2)"
5854,"(2, 0, 1)"
5857,"(1, 0, 1)"
5859,"(2, 1, 2)"
5860,"(1, 1, 1)"
5861,"(2, 1, 1)"
5862,"(0, 1, 1)"
5863,"(1, 1, 1)"
5864,"(1, 0, 2)"
5865,"(0, 1, 2)"
5866,"(2, 1, 2)"
5867,"(1, 1, 1)"
5868,"(2, 1, 2)"
5870,"(1, 0, 1)"
5871,"(2, 1, 1)"
5872,"(1, 0, 2)"
5873,"(0, 1, 1)"
5874,"(1, 1, 1)"
5875,"(1, 1, 1)"
5877,"(2, 1, 1)"
5878,"(2, 0, 2)"
5879,"(0, 1, 2)"
5881,"(1, 0, 2)"
5882,"(1, 1, 2)"
5883,"(1, 0, 0)"
5884,"(2, 0, 2)"
5885,"(0, 1, 1)"
5886,"(2, 0, 1)"
5887,"(0, 1, 1)"
5888,"(2, 0, 1)"
5890,"(1, 0, 1)"
5891,"(1, 1, 2)"
5892,"(2, 1, 2)"
5893,"(2, 1, 1)"
5894,"(0, 1, 1)"
5897,"(1, 0, 2)"
5898,"(1, 0, 1)"
5899,"(1, 0, 2)"
5903,"(1, 1, 1)"
5905,"(0, 1, 2)"
5906,"(1, 1, 1)"
5907,"(1, 1, 1)"
5908,"(1, 0, 2)"
5909,"(0, 0, 2)"
5910,"(1, 1, 2)"
5912,"(0, 0, 2)"
5913,"(1, 1, 2)"
5915,"(2, 1, 2)"
5917,"(0, 1, 1)"
5918,"(2, 1, 2)"
5921,"(1, 0, 2)"
5922,"(1, 0, 1)"
5923,"(0, 1, 1)"
5924,"(2, 1, 2)"
5925,"(1, 0, 0)"
5927,"(2, 1, 1)"
5928,"(0, 1, 2)"
5931,"(2, 1, 1)"
5932,"(2, 1, 1)"
5933,"(1, 1, 2)"
5934,"(2, 1, 1)"
5935,"(0, 1, 1)"
5936,"(0, 1, 2)"
5937,"(0, 0, 2)"
5938,"(0, 0, 2)"
5939,"(0, 1, 2)"
5940,"(2, 0, 2)"
5941,"(2, 0, 2)"
5942,"(1, 0, 2)"
5943,"(0, 1, 1)"
5945,"(2, 1, 1)"
5946,"(1, 0, 2)"
5948,"(2, 1, 1)"
5949,"(0, 1, 2)"
5951,"(1, 1, 2)"
5952,"(0, 1, 2)"
5953,"(0, 1, 1)"
5954,"(0, 1, 1)"
5955,"(2, 0, 2)"
5956,"(2, 0, 2)"
5957,"(1, 0, 2)"
5958,"(2, 0, 1)"
5959,"(2, 1, 2)"
5961,"(2, 0, 2)"
5962,"(2, 1, 2)"
5964,"(0, 1, 2)"
5965,"(1, 0, 2)"
5966,"(2, 0, 2)"
5967,"(1, 1, 2)"
5968,"(2, 0, 2)"
5969,"(0, 1, 2)"
5971,"(0, 1, 2)"
5972,"(0, 1, 1)"
5973,"(1, 1, 2)"
5974,"(2, 1, 2)"
5975,"(0, 1, 2)"
5976,"(2, 0, 2)"
5977,"(0, 0, 2)"
5978,"(1, 1, 2)"
5979,"(0, 1, 1)"
5981,"(2, 0, 1)"
5982,"(2, 0, 1)"
5983,"(0, 1, 1)"
5984,"(1, 1, 1)"
5985,"(2, 0, 2)"
5986,"(1, 0, 1)"
5987,"(0, 1, 2)"
5988,"(0, 1, 2)"
5989,"(1, 1, 2)"
5991,"(1, 1, 2)"
5993,"(1, 1, 2)"
5994,"(2, 1, 1)"
5995,"(1, 0, 1)"
5997,"(1, 1, 2)"
6000,"(1, 0, 2)"
6001,"(2, 1, 2)"
6002,"(2, 1, 1)"
6003,"(0, 0, 2)"
6004,"(2, 0, 2)"
6005,"(1, 1, 2)"
6006,"(0, 0, 2)"
6007,"(0, 1, 2)"
6008,"(1, 0, 1)"
6012,"(2, 1, 1)"
6013,"(1, 1, 2)"
6014,"(1, 1, 2)"
6016,"(0, 1, 1)"
6017,"(1, 0, 1)"
6018,"(2, 0, 2)"
6020,"(0, 1, 2)"
6021,"(0, 1, 1)"
6022,"(2, 1, 2)"
6023,"(0, 1, 1)"
6024,"(2, 1, 1)"
6025,"(1, 0, 2)"
6026,"(1, 0, 0)"
6027,"(1, 1, 1)"
6028,"(2, 0, 2)"
6029,"(1, 1, 2)"
6030,"(0, 1, 1)"
6031,"(1, 1, 1)"
6032,"(0, 1, 2)"
6034,"(0, 1, 1)"
6036,"(0, 1, 2)"
6037,"(0, 1, 2)"
6038,"(0, 1, 1)"
6039,"(2, 1, 1)"
6040,"(0, 0, 1)"
6041,"(2, 1, 2)"
6044,"(1, 0, 2)"
6045,"(0, 1, 1)"
6046,"(2, 0, 1)"
6047,"(0, 0, 2)"
6048,"(2, 1, 2)"
6049,"(0, 1, 2)"
6050,"(2, 0, 0)"
6052,"(1, 1, 2)"
6053,"(0, 1, 1)"
6054,"(0, 1, 1)"
6055,"(0, 1, 1)"
6057,"(1, 1, 2)"
6060,"(2, 1, 1)"
6061,"(1, 1, 2)"
6062,"(0, 1, 2)"
6063,"(2, 0, 1)"
6064,"(1, 0, 2)"
6065,"(0, 1, 2)"
6066,"(0, 1, 2)"
6067,"(1, 1, 2)"
6068,"(0, 0, 2)"
6070,"(2, 0, 0)"
6074,"(0, 1, 2)"
6076,"(0, 1, 2)"
6078,"(2, 1, 1)"
6080,"(2, 1, 1)"
6081,"(0, 1, 2)"
6082,"(0, 1, 2)"
6085,"(0, 1, 2)"
6086,"(0, 1, 2)"
6087,"(2, 0, 2)"
6088,"(1, 1, 2)"
6089,"(0, 1, 2)"
6090,"(1, 0, 0)"
6091,"(0, 1, 2)"
6092,"(0, 1, 1)"
6093,"(0, 1, 1)"
6094,"(0, 1, 2)"
6095,"(2, 1, 2)"
6097,"(1, 0, 1)"
6098,"(0, 1, 2)"
6101,"(2, 1, 2)"
6104,"(1, 1, 2)"
6105,"(0, 1, 2)"
6106,"(2, 0, 1)"
6107,"(0, 0, 1)"
6108,"(1, 0, 2)"
6109,"(0, 1, 2)"
6112,"(1, 0, 1)"
6113,"(1, 1, 2)"
6115,"(2, 1, 1)"
6116,"(2, 1, 1)"
6117,"(0, 1, 1)"
6118,"(1, 1, 2)"
6119,"(2, 1, 2)"
6120,"(0, 1, 1)"
6121,"(0, 0, 2)"
6122,"(2, 1, 2)"
6123,"(2, 0, 2)"
6126,"(2, 0, 2)"
6128,"(0, 0, 1)"
6129,"(0, 0, 2)"
6130,"(1, 1, 2)"
6131,"(1, 1, 2)"
6134,"(1, 1, 2)"
6136,"(0, 0, 2)"
6139,"(0, 1, 2)"
6140,"(1, 1, 1)"
6141,"(0, 1, 2)"
6142,"(0, 1, 2)"
6144,"(0, 0, 2)"
6145,"(0, 1, 2)"
6146,"(2, 0, 2)"
6147,"(1, 1, 2)"
6148,"(2, 0, 0)"
6149,"(0, 1, 1)"
6150,"(0, 1, 2)"
6151,"(0, 1, 2)"
6152,"(1, 0, 2)"
6153,"(1, 1, 1)"
6154,"(2, 0, 1)"
6155,"(2, 1, 2)"
6156,"(1, 1, 1)"
6157,"(1, 1, 1)"
6158,"(2, 1, 1)"
6159,"(0, 1, 2)"
6160,"(2, 1, 1)"
6162,"(2, 1, 1)"
6163,"(0, 1, 2)"
6165,"(2, 1, 2)"
6168,"(2, 0, 2)"
6169,"(0, 0, 2)"
6170,"(2, 0, 2)"
6171,"(2, 0, 2)"
6174,"(2, 0, 2)"
6176,"(1, 1, 1)"
6177,"(2, 1, 2)"
6178,"(2, 1, 2)"
6180,"(1, 1, 2)"
6181,"(0, 1, 2)"
6182,"(2, 1, 1)"
6183,"(2, 0, 1)"
6184,"(2, 0, 2)"
6185,"(2, 1, 2)"
6187,"(1, 0, 1)"
6190,"(2, 0, 2)"
6191,"(2, 0, 2)"
6193,"(0, 1, 2)"
6194,"(0, 0, 2)"
6195,"(1, 1, 2)"
6197,"(1, 0, 1)"
6198,"(0, 1, 1)"
6199,"(1, 0, 0)"
6202,"(1, 0, 1)"
6203,"(2, 0, 1)"
6205,"(1, 0, 0)"
6206,"(1, 0, 2)"
6207,"(2, 0, 1)"
6208,"(2, 0, 2)"
6209,"(2, 0, 2)"
6210,"(1, 0, 1)"
6213,"(2, 1, 1)"
6214,"(0, 0, 2)"
6215,"(1, 1, 1)"
6216,"(2, 0, 0)"
6218,"(1, 0, 2)"
6219,"(0, 0, 2)"
6220,"(1, 0, 1)"
6221,"(2, 0, 1)"
6223,"(0, 1, 1)"
6224,"(0, 0, 2)"
6226,"(0, 0, 2)"
6227,"(1, 0, 1)"
6228,"(1, 0, 2)"
6229,"(2, 0, 0)"
6230,"(0, 1, 1)"
6231,"(1, 0, 1)"
6232,"(0, 1, 1)"
6233,"(1, 0, 1)"
6234,"(0, 1, 1)"
6235,"(0, 0, 2)"
6236,"(0, 0, 2)"
6238,"(2, 1, 2)"
6239,"(0, 0, 2)"
6240,"(2, 1, 2)"
6241,"(1, 0, 2)"
6242,"(2, 1, 1)"
6243,"(1, 0, 1)"
6244,"(1, 1, 1)"
6246,"(0, 1, 1)"
6247,"(1, 0, 1)"
6249,"(1, 1, 1)"
6250,"(2, 1, 2)"
6252,"(1, 0, 1)"
6253,"(1, 0, 2)"
6254,"(0, 1, 1)"
6257,"(1, 1, 1)"
6258,"(2, 1, 1)"
6259,"(2, 0, 2)"
6260,"(1, 1, 2)"
6261,"(2, 1, 1)"
6263,"(1, 1, 2)"
6264,"(0, 1, 2)"
6266,"(1, 0, 1)"
6267,"(0, 1, 1)"
6269,"(0, 0, 2)"
6270,"(1, 1, 1)"
6271,"(1, 1, 2)"
6272,"(2, 0, 2)"
6273,"(0, 0, 2)"
6274,"(0, 0, 2)"
6275,"(0, 1, 1)"
6276,"(0, 1, 1)"
6277,"(1, 0, 2)"
6279,"(0, 0, 2)"
6280,"(0, 0, 2)"
6281,"(1, 0, 1)"
6283,"(0, 1, 1)"
6285,"(0, 1, 2)"
6286,"(1, 0, 0)"
6287,"(2, 1, 2)"
6289,"(1, 0, 1)"
6291,"(2, 1, 2)"
6292,"(0, 1, 2)"
6293,"(0, 1, 1)"
6295,"(2, 1, 2)"
6298,"(2, 0, 0)"
6301,"(2, 1, 1)"
6303,"(1, 0, 2)"
6305,"(0, 1, 1)"
6306,"(0, 1, 2)"
6307,"(2, 0, 2)"
6308,"(2, 0, 2)"
6310,"(2, 1, 2)"
6312,"(0, 1, 2)"
6314,"(1, 0, 1)"
6315,"(2, 1, 1)"
6316,"(1, 0, 1)"
6317,"(2, 1, 2)"
6319,"(0, 1, 2)"
6321,"(2, 0, 2)"
6323,"(1, 1, 2)"
6324,"(0, 0, 2)"
6325,"(2, 0, 1)"
6328,"(1, 1, 2)"
6329,"(1, 1, 2)"
6332,"(1, 1, 2)"
6333,"(2, 1, 1)"
6334,"(1, 1, 2)"
6335,"(1, 0, 2)"
6336,"(1, 1, 2)"
6340,"(0, 1, 1)"
6342,"(2, 1, 1)"
6343,"(0, 1, 1)"
6344,"(2, 1, 2)"
6345,"(1, 0, 1)"
6347,"(1, 0, 1)"
6348,"(1, 0, 2)"
6349,"(2, 0, 0)"
6351,"(1, 0, 1)"
6352,"(0, 1, 2)"
6355,"(0, 0, 2)"
6356,"(0, 1, 2)"
6357,"(2, 1, 1)"
6358,"(1, 0, 2)"
6359,"(1, 1, 1)"
6360,"(0, 1, 1)"
6362,"(2, 1, 1)"
6363,"(0, 1, 1)"
6365,"(2, 0, 2)"
6366,"(2, 1, 2)"
6369,"(0, 1, 2)"
6370,"(0, 1, 1)"
6372,"(1, 0, 1)"
6373,"(0, 1, 1)"
6374,"(0, 1, 2)"
6375,"(0, 0, 2)"
6376,"(2, 0, 1)"
6377,"(0, 1, 2)"
6379,"(1, 1, 2)"
6380,"(0, 0, 1)"
6381,"(2, 1, 1)"
6382,"(0, 1, 1)"
6383,"(1, 0, 2)"
6384,"(0, 1, 2)"
6388,"(1, 1, 1)"
6389,"(2, 1, 1)"
6390,"(0, 1, 1)"
6392,"(1, 1, 2)"
6393,"(1, 1, 2)"
6394,"(2, 0, 0)"
6395,"(1, 0, 2)"
6397,"(0, 1, 2)"
6398,"(2, 1, 1)"
6399,"(0, 0, 2)"
6400,"(2, 1, 2)"
6401,"(2, 0, 1)"
6402,"(2, 1, 1)"
6404,"(1, 0, 2)"
6405,"(2, 1, 2)"
6406,"(2, 0, 0)"
6407,"(0, 1, 1)"
6409,"(1, 1, 2)"
6410,"(1, 0, 1)"
6411,"(1, 1, 2)"
6412,"(1, 1, 1)"
6413,"(0, 1, 2)"
6415,"(1, 0, 2)"
6417,"(2, 0, 2)"
6418,"(0, 1, 1)"
6420,"(1, 0, 2)"
6421,"(0, 1, 2)"
6422,"(0, 0, 2)"
6423,"(1, 1, 2)"
6425,"(0, 0, 2)"
6426,"(2, 1, 1)"
6427,"(0, 1, 2)"
6428,"(1, 1, 1)"
6429,"(0, 1, 2)"
6430,"(0, 0, 2)"
6433,"(1, 1, 2)"
6434,"(1, 1, 2)"
6437,"(2, 1, 2)"
6438,"(0, 1, 1)"
6440,"(0, 1, 2)"
6441,"(1, 0, 2)"
6444,"(0, 0, 2)"
6445,"(2, 0, 1)"
6446,"(0, 1, 1)"
6447,"(0, 1, 1)"
6448,"(2, 0, 2)"
6449,"(1, 0, 2)"
6451,"(2, 0, 2)"
6452,"(1, 0, 2)"
6453,"(2, 0, 2)"
6454,"(2, 1, 2)"
6456,"(1, 1, 2)"
6457,"(1, 0, 2)"
6458,"(1, 0, 2)"
6460,"(2, 1, 1)"
6461,"(0, 1, 2)"
6462,"(2, 1, 2)"
6463,"(1, 0, 2)"
6464,"(1, 1, 2)"
6466,"(0, 1, 2)"
6467,"(0, 1, 2)"
6468,"(0, 1, 2)"
6469,"(2, 1, 2)"
6471,"(2, 1, 2)"
6472,"(2, 1, 2)"
6473,"(2, 1, 2)"
6476,"(1, 0, 1)"
6477,"(1, 1, 2)"
6478,"(1, 1, 1)"
6479,"(0, 1, 1)"
6480,"(1, 0, 2)"
6482,"(0, 1, 2)"
6483,"(2, 0, 2)"
6484,"(1, 0, 2)"
6486,"(1, 0, 1)"
6488,"(0, 1, 2)"
6489,"(1, 1, 2)"
6490,"(2, 0, 1)"
6491,"(2, 1, 2)"
6492,"(0, 1, 2)"
6493,"(2, 0, 2)"
6495,"(0, 1, 2)"
6496,"(1, 1, 1)"
6497,"(1, 0, 0)"
6498,"(1, 1, 1)"
6499,"(0, 1, 2)"
6502,"(0, 1, 1)"
6503,"(0, 0, 2)"
6504,"(2, 0, 1)"
6506,"(1, 1, 1)"
6507,"(0, 0, 2)"
6508,"(0, 0, 2)"
6509,"(2, 1, 2)"
6511,"(2, 0, 2)"
6512,"(2, 0, 1)"
6516,"(1, 0, 1)"
6517,"(0, 1, 2)"
6518,"(2, 1, 1)"
6520,"(1, 0, 1)"
6522,"(2, 0, 2)"
6523,"(0, 1, 2)"
6524,"(2, 1, 1)"
6525,"(1, 0, 2)"
6526,"(2, 1, 1)"
6528,"(2, 1, 1)"
6529,"(0, 0, 2)"
6532,"(2, 0, 0)"
6533,"(1, 0, 0)"
6534,"(0, 1, 2)"
6536,"(2, 1, 2)"
6537,"(2, 1, 1)"
6539,"(1, 1, 1)"
6540,"(1, 1, 0)"
6541,"(0, 1, 2)"
6545,"(2, 1, 2)"
6546,"(2, 1, 1)"
6547,"(1, 0, 2)"
6548,"(0, 0, 2)"
6549,"(0, 1, 2)"
6550,"(0, 0, 2)"
6551,"(0, 1, 1)"
6553,"(2, 1, 1)"
6554,"(2, 0, 2)"
6555,"(2, 1, 2)"
6556,"(0, 0, 1)"
6557,"(0, 0, 1)"
6558,"(0, 1, 2)"
6559,"(1, 1, 2)"
6560,"(0, 1, 2)"
6561,"(0, 1, 2)"
6563,"(1, 1, 2)"
6564,"(2, 1, 1)"
6565,"(1, 0, 1)"
6566,"(0, 1, 2)"
6567,"(2, 1, 1)"
6568,"(0, 1, 1)"
6569,"(1, 1, 2)"
6570,"(2, 1, 2)"
6571,"(1, 0, 1)"
6572,"(1, 0, 2)"
6573,"(2, 1, 2)"
6575,"(1, 1, 2)"
6576,"(1, 1, 1)"
6577,"(1, 0, 1)"
6578,"(2, 0, 2)"
6579,"(2, 0, 0)"
6580,"(0, 1, 2)"
6581,"(0, 1, 2)"
6582,"(2, 1, 1)"
6583,"(2, 0, 2)"
6584,"(0, 0, 2)"
6585,"(0, 1, 1)"
6586,"(0, 1, 1)"
6588,"(2, 0, 0)"
6590,"(0, 0, 2)"
6591,"(0, 1, 2)"
6594,"(2, 1, 2)"
6595,"(1, 0, 2)"
6597,"(0, 1, 2)"
6598,"(2, 1, 2)"
6599,"(1, 1, 2)"
6600,"(0, 1, 1)"
6601,"(1, 0, 2)"
6602,"(1, 1, 2)"
6604,"(1, 0, 1)"
6605,"(1, 0, 2)"
6606,"(1, 0, 1)"
6607,"(0, 0, 1)"
6609,"(2, 0, 2)"
6610,"(2, 0, 1)"
6611,"(1, 1, 2)"
6612,"(2, 0, 2)"
6613,"(2, 0, 2)"
6614,"(2, 0, 1)"
6621,"(1, 1, 1)"
6623,"(1, 1, 1)"
6625,"(1, 0, 2)"
6626,"(2, 1, 1)"
6627,"(2, 0, 0)"
6629,"(1, 0, 2)"
6632,"(1, 0, 0)"
6637,"(0, 1, 1)"
6638,"(1, 0, 1)"
6639,"(1, 1, 1)"
6640,"(2, 1, 1)"
6641,"(2, 0, 2)"
6643,"(2, 1, 1)"
6644,"(1, 0, 2)"
6648,"(0, 1, 2)"
6649,"(2, 1, 2)"
6651,"(2, 1, 2)"
6652,"(1, 0, 1)"
6653,"(2, 1, 1)"
6654,"(1, 1, 1)"
6655,"(0, 1, 1)"
6656,"(2, 1, 2)"
6657,"(2, 0, 0)"
6658,"(2, 1, 2)"
6660,"(1, 0, 2)"
6661,"(2, 0, 1)"
6663,"(1, 1, 2)"
6664,"(2, 0, 0)"
6665,"(0, 0, 2)"
6667,"(1, 0, 2)"
6668,"(0, 0, 1)"
6669,"(1, 0, 1)"
6670,"(0, 0, 2)"
6672,"(2, 1, 1)"
6676,"(2, 0, 2)"
6677,"(0, 1, 2)"
6678,"(2, 0, 1)"
6679,"(1, 1, 1)"
6680,"(2, 0, 2)"
6681,"(0, 1, 1)"
6682,"(2, 1, 1)"
6683,"(2, 0, 1)"
6684,"(2, 1, 2)"
6685,"(0, 1, 2)"
6686,"(2, 1, 2)"
6687,"(1, 1, 1)"
6689,"(1, 0, 2)"
6690,"(1, 1, 2)"
6691,"(2, 1, 1)"
6692,"(0, 1, 2)"
6693,"(1, 0, 1)"
6694,"(0, 1, 2)"
6695,"(2, 0, 2)"
6696,"(2, 1, 2)"
6698,"(1, 1, 1)"
6699,"(2, 0, 2)"
6700,"(2, 1, 1)"
6701,"(1, 0, 2)"
6703,"(0, 1, 2)"
6704,"(0, 1, 2)"
6705,"(2, 0, 1)"
6706,"(0, 1, 1)"
6707,"(2, 1, 2)"
6708,"(1, 0, 1)"
6709,"(2, 0, 0)"
6711,"(0, 1, 1)"
6714,"(2, 0, 1)"
6715,"(2, 1, 2)"
6717,"(2, 1, 1)"
6720,"(1, 1, 2)"
6721,"(0, 1, 1)"
6722,"(1, 0, 2)"
6724,"(0, 1, 2)"
6725,"(0, 0, 2)"
6726,"(1, 0, 0)"
6729,"(0, 0, 2)"
6730,"(1, 1, 1)"
6731,"(2, 0, 2)"
6732,"(0, 0, 2)"
6733,"(0, 0, 2)"
6734,"(1, 1, 2)"
6735,"(0, 1, 2)"
6736,"(1, 1, 1)"
6737,"(2, 0, 2)"
6738,"(2, 1, 1)"
6739,"(1, 0, 1)"
6740,"(1, 1, 1)"
6741,"(2, 1, 2)"
6742,"(0, 1, 2)"
6743,"(0, 1, 1)"
6744,"(0, 1, 2)"
6745,"(1, 0, 0)"
6746,"(2, 0, 1)"
6747,"(2, 1, 1)"
6749,"(2, 0, 2)"
6750,"(2, 0, 2)"
6751,"(2, 1, 2)"
6752,"(2, 0, 2)"
6753,"(2, 1, 2)"
6755,"(2, 1, 1)"
6756,"(1, 1, 2)"
6758,"(0, 0, 2)"
6760,"(0, 0, 2)"
6762,"(2, 0, 2)"
6764,"(1, 0, 2)"
6766,"(1, 0, 0)"
6767,"(2, 1, 2)"
6768,"(0, 1, 1)"
6769,"(0, 1, 2)"
6770,"(2, 0, 2)"
6771,"(2, 1, 2)"
6773,"(0, 1, 2)"
6774,"(2, 0, 1)"
6775,"(2, 0, 1)"
6776,"(0, 1, 2)"
6779,"(2, 1, 1)"
6780,"(1, 0, 2)"
6781,"(0, 1, 1)"
6784,"(2, 0, 2)"
6785,"(2, 0, 1)"
6786,"(0, 1, 1)"
6787,"(0, 1, 2)"
6788,"(0, 1, 1)"
6789,"(2, 1, 1)"
6790,"(2, 0, 2)"
6791,"(2, 0, 2)"
6792,"(0, 1, 2)"
6793,"(1, 0, 1)"
6796,"(2, 1, 1)"
6799,"(0, 1, 2)"
6800,"(1, 0, 1)"
6801,"(1, 1, 2)"
6804,"(1, 1, 1)"
6805,"(0, 1, 2)"
6806,"(1, 0, 1)"
6807,"(1, 0, 2)"
6809,"(1, 0, 1)"
6810,"(2, 1, 1)"
6811,"(0, 1, 2)"
6813,"(2, 0, 2)"
6814,"(1, 0, 1)"
6815,"(2, 1, 1)"
6816,"(0, 1, 2)"
6817,"(0, 1, 1)"
6818,"(1, 0, 2)"
6819,"(1, 0, 1)"
6821,"(0, 1, 2)"
6824,"(2, 1, 2)"
6826,"(1, 1, 2)"
6827,"(2, 1, 2)"
6828,"(2, 1, 2)"
6829,"(2, 1, 1)"
6831,"(0, 1, 2)"
6832,"(1, 0, 1)"
6833,"(2, 1, 2)"
6835,"(1, 0, 0)"
6838,"(1, 0, 0)"
6839,"(1, 1, 2)"
6840,"(2, 1, 2)"
6841,"(1, 1, 2)"
6843,"(1, 1, 1)"
6845,"(1, 1, 2)"
6846,"(2, 1, 2)"
6847,"(2, 1, 2)"
6848,"(2, 0, 0)"
6849,"(2, 1, 1)"
6851,"(2, 0, 2)"
6852,"(1, 0, 2)"
6853,"(0, 1, 2)"
6854,"(1, 1, 2)"
6857,"(1, 0, 2)"
6858,"(0, 0, 2)"
6859,"(0, 0, 2)"
6860,"(0, 1, 2)"
6863,"(1, 1, 1)"
6866,"(2, 0, 1)"
6867,"(2, 0, 2)"
6868,"(1, 1, 2)"
6869,"(2, 0, 1)"
6870,"(2, 0, 1)"
6871,"(2, 1, 1)"
6872,"(0, 1, 2)"
6875,"(2, 1, 2)"
6876,"(1, 0, 0)"
6877,"(1, 1, 2)"
6880,"(2, 1, 1)"
6881,"(0, 1, 1)"
6882,"(2, 1, 1)"
6883,"(1, 1, 1)"
6884,"(0, 1, 1)"
6885,"(0, 0, 2)"
6886,"(0, 1, 1)"
6888,"(1, 0, 2)"
6890,"(2, 0, 1)"
6892,"(0, 1, 2)"
6893,"(0, 1, 2)"
6894,"(2, 1, 1)"
6895,"(0, 1, 1)"
6896,"(1, 1, 2)"
6898,"(2, 0, 1)"
6899,"(1, 0, 2)"
6900,"(2, 1, 2)"
6901,"(2, 1, 2)"
6902,"(2, 1, 1)"
6903,"(0, 0, 2)"
6904,"(2, 0, 1)"
6905,"(0, 1, 1)"
6906,"(1, 1, 2)"
6907,"(2, 0, 1)"
6909,"(0, 0, 2)"
6910,"(2, 0, 0)"
6911,"(2, 1, 2)"
6913,"(2, 1, 1)"
6914,"(2, 1, 1)"
6915,"(0, 0, 2)"
6916,"(2, 0, 2)"
6917,"(2, 1, 2)"
6918,"(2, 1, 1)"
6919,"(1, 1, 1)"
6922,"(0, 0, 2)"
6924,"(0, 1, 2)"
6926,"(0, 1, 2)"
6927,"(1, 0, 2)"
6930,"(1, 1, 1)"
6931,"(2, 0, 1)"
6933,"(2, 1, 2)"
6934,"(0, 0, 1)"
6935,"(2, 1, 2)"
6936,"(1, 0, 1)"
6937,"(1, 1, 1)"
6938,"(1, 0, 0)"
6939,"(2, 1, 1)"
6940,"(2, 0, 2)"
6941,"(1, 0, 2)"
6942,"(2, 0, 0)"
6946,"(0, 0, 2)"
6947,"(0, 1, 2)"
6949,"(1, 1, 2)"
6950,"(1, 0, 2)"
6952,"(2, 1, 2)"
6953,"(2, 0, 2)"
6954,"(1, 1, 2)"
6956,"(0, 1, 2)"
6957,"(0, 0, 1)"
6959,"(0, 1, 1)"
6960,"(0, 1, 1)"
6961,"(0, 1, 2)"
6962,"(1, 1, 1)"
6965,"(2, 0, 2)"
6967,"(0, 0, 2)"
6969,"(0, 1, 2)"
6970,"(1, 1, 1)"
6974,"(1, 0, 0)"
6976,"(1, 0, 0)"
6977,"(0, 0, 1)"
6978,"(2, 0, 2)"
6980,"(2, 1, 2)"
6982,"(0, 1, 1)"
6984,"(1, 0, 0)"
6985,"(2, 1, 1)"
6986,"(1, 1, 2)"
6987,"(1, 0, 1)"
6988,"(1, 1, 1)"
6989,"(1, 0, 2)"
6990,"(0, 1, 1)"
6992,"(0, 1, 2)"
6994,"(2, 0, 2)"
6995,"(1, 1, 1)"
6996,"(2, 0, 0)"
6997,"(2, 1, 2)"
6998,"(2, 0, 0)"
6999,"(2, 1, 1)"
7000,"(2, 0, 1)"
7001,"(1, 0, 0)"
7002,"(2, 0, 2)"
7003,"(1, 0, 1)"
7004,"(0, 0, 2)"
7006,"(0, 0, 2)"
7009,"(0, 0, 2)"
7010,"(2, 1, 2)"
7013,"(0, 1, 2)"
7014,"(0, 0, 1)"
7015,"(1, 0, 1)"
7016,"(2, 0, 2)"
7017,"(1, 1, 2)"
7018,"(0, 1, 1)"
7019,"(1, 1, 2)"
7021,"(0, 1, 1)"
7022,"(0, 1, 1)"
7023,"(0, 1, 2)"
7024,"(1, 0, 0)"
7026,"(2, 1, 1)"
7027,"(1, 1, 2)"
7030,"(1, 1, 1)"
7031,"(2, 1, 2)"
7033,"(0, 0, 2)"
7036,"(0, 1, 1)"
7038,"(0, 0, 2)"
7039,"(0, 1, 1)"
7040,"(2, 1, 1)"
7041,"(1, 1, 1)"
7042,"(2, 1, 2)"
7043,"(0, 0, 2)"
7044,"(1, 1, 1)"
7048,"(0, 0, 2)"
7049,"(1, 1, 2)"
7050,"(0, 0, 2)"
7051,"(2, 1, 2)"
7053,"(1, 1, 1)"
7054,"(0, 1, 2)"
7055,"(0, 0, 2)"
7056,"(0, 0, 2)"
7057,"(1, 0, 1)"
7058,"(1, 0, 1)"
7059,"(1, 0, 1)"
7061,"(0, 1, 2)"
7062,"(2, 0, 2)"
7063,"(2, 1, 2)"
7065,"(0, 0, 2)"
7066,"(1, 0, 1)"
7067,"(2, 0, 1)"
7069,"(0, 0, 2)"
7070,"(1, 0, 2)"
7072,"(1, 1, 1)"
7073,"(1, 0, 1)"
7075,"(0, 1, 1)"
7076,"(1, 0, 0)"
7078,"(0, 1, 2)"
7079,"(1, 0, 1)"
7080,"(0, 0, 2)"
7081,"(0, 1, 1)"
7082,"(0, 1, 2)"
7084,"(0, 1, 2)"
7085,"(2, 1, 1)"
7086,"(0, 1, 2)"
7087,"(2, 0, 2)"
7089,"(0, 0, 2)"
7090,"(1, 1, 2)"
7091,"(2, 1, 2)"
7092,"(1, 1, 2)"
7093,"(1, 1, 2)"
7094,"(1, 1, 1)"
7095,"(0, 1, 2)"
7097,"(0, 1, 2)"
7099,"(2, 1, 1)"
7100,"(1, 0, 1)"
7103,"(2, 0, 1)"
7104,"(1, 0, 0)"
7105,"(0, 1, 2)"
7106,"(0, 1, 1)"
7107,"(0, 0, 2)"
7108,"(2, 1, 1)"
7109,"(0, 1, 2)"
7113,"(0, 1, 1)"
7114,"(1, 0, 2)"
7115,"(0, 1, 1)"
7116,"(2, 1, 1)"
7117,"(0, 1, 1)"
7119,"(1, 1, 2)"
7120,"(1, 1, 2)"
7121,"(1, 0, 1)"
7122,"(0, 1, 2)"
7123,"(2, 0, 1)"
7125,"(0, 1, 2)"
7127,"(0, 0, 1)"
7128,"(2, 1, 2)"
7129,"(2, 0, 2)"
7131,"(1, 1, 1)"
7132,"(1, 1, 2)"
7135,"(0, 1, 2)"
7136,"(2, 1, 2)"
7137,"(1, 0, 2)"
7138,"(2, 1, 2)"
7139,"(1, 0, 1)"
7141,"(0, 0, 2)"
7143,"(2, 1, 1)"
7144,"(0, 1, 1)"
7145,"(0, 1, 2)"
7146,"(1, 1, 1)"
7147,"(1, 1, 1)"
7148,"(2, 1, 1)"
7149,"(0, 1, 2)"
7150,"(1, 1, 2)"
7151,"(1, 0, 1)"
7152,"(0, 1, 1)"
7154,"(2, 0, 0)"
7155,"(0, 0, 2)"
7157,"(2, 1, 2)"
7159,"(1, 1, 2)"
7161,"(0, 1, 2)"
7162,"(0, 1, 1)"
7163,"(2, 1, 1)"
7165,"(2, 0, 2)"
7166,"(0, 1, 2)"
7167,"(1, 0, 2)"
7168,"(2, 0, 2)"
7169,"(2, 1, 2)"
7171,"(1, 0, 1)"
7172,"(1, 1, 2)"
7173,"(2, 0, 1)"
7179,"(2, 1, 2)"
7180,"(1, 0, 2)"
7181,"(0, 1, 2)"
7182,"(1, 0, 2)"
7183,"(1, 0, 1)"
7185,"(2, 0, 1)"
7186,"(0, 1, 2)"
7187,"(1, 0, 0)"
7188,"(0, 0, 2)"
7190,"(0, 1, 2)"
7191,"(0, 1, 2)"
7193,"(1, 1, 2)"
7194,"(1, 1, 1)"
7195,"(0, 1, 1)"
7196,"(2, 0, 2)"
7198,"(0, 1, 2)"
7201,"(2, 0, 2)"
7202,"(0, 1, 2)"
7204,"(0, 1, 1)"
7205,"(1, 0, 2)"
7207,"(1, 0, 1)"
7209,"(1, 1, 2)"
7213,"(1, 0, 2)"
7216,"(2, 1, 2)"
7217,"(0, 1, 2)"
7219,"(0, 1, 1)"
7220,"(0, 1, 1)"
7221,"(1, 0, 1)"
7222,"(1, 0, 2)"
7224,"(2, 1, 1)"
7225,"(2, 1, 2)"
7229,"(1, 1, 1)"
7230,"(1, 0, 0)"
7234,"(2, 0, 2)"
7235,"(0, 1, 1)"
7238,"(2, 0, 2)"
7239,"(2, 1, 1)"
7241,"(0, 1, 2)"
7242,"(2, 0, 2)"
7243,"(2, 1, 2)"
7245,"(1, 0, 1)"
7246,"(0, 1, 1)"
7248,"(2, 1, 1)"
7249,"(0, 1, 1)"
7250,"(0, 0, 2)"
7251,"(0, 1, 2)"
7252,"(1, 0, 1)"
7253,"(2, 1, 2)"
7254,"(0, 1, 2)"
7255,"(0, 1, 1)"
7257,"(2, 0, 1)"
7258,"(2, 1, 2)"
7259,"(0, 1, 2)"
7262,"(0, 0, 2)"
7266,"(2, 0, 2)"
7267,"(2, 1, 2)"
7268,"(0, 1, 1)"
7270,"(2, 1, 1)"
7273,"(1, 0, 2)"
7274,"(2, 1, 2)"
7276,"(1, 1, 2)"
7277,"(2, 0, 2)"
7278,"(0, 1, 1)"
7280,"(2, 1, 1)"
7281,"(1, 0, 1)"
7282,"(2, 0, 2)"
7286,"(2, 1, 1)"
7287,"(2, 0, 1)"
7288,"(0, 1, 1)"
7289,"(1, 1, 2)"
7290,"(1, 0, 2)"
7291,"(0, 1, 2)"
7293,"(0, 1, 2)"
7294,"(0, 1, 1)"
7295,"(1, 0, 2)"
7296,"(1, 1, 1)"
7299,"(1, 0, 0)"
7300,"(0, 0, 2)"
7301,"(2, 0, 2)"
7305,"(0, 1, 2)"
7306,"(2, 1, 2)"
7308,"(2, 1, 2)"
7309,"(0, 1, 2)"
7311,"(1, 0, 1)"
7312,"(2, 1, 2)"
7313,"(0, 1, 1)"
7315,"(1, 0, 1)"
7316,"(1, 0, 2)"
7318,"(0, 1, 1)"
7320,"(1, 0, 1)"
7321,"(1, 1, 2)"
7323,"(1, 0, 2)"
7324,"(2, 1, 2)"
7325,"(1, 0, 2)"
7326,"(0, 0, 2)"
7327,"(1, 0, 2)"
7328,"(0, 1, 2)"
7330,"(0, 1, 1)"
7332,"(0, 0, 2)"
7333,"(2, 1, 2)"
7334,"(1, 0, 1)"
7335,"(0, 0, 2)"
7336,"(0, 1, 2)"
7340,"(2, 0, 1)"
7341,"(2, 1, 2)"
7342,"(0, 1, 2)"
7343,"(2, 1, 1)"
7344,"(0, 1, 1)"
7345,"(0, 1, 2)"
7346,"(2, 0, 2)"
7347,"(2, 1, 1)"
7348,"(2, 0, 1)"
7349,"(2, 1, 2)"
7354,"(2, 1, 1)"
7355,"(2, 0, 1)"
7356,"(0, 0, 2)"
7357,"(1, 0, 1)"
7361,"(2, 1, 1)"
7362,"(1, 0, 1)"
7363,"(2, 0, 2)"
7364,"(1, 0, 2)"
7365,"(0, 1, 2)"
7366,"(1, 1, 2)"
7367,"(2, 0, 2)"
7368,"(2, 1, 2)"
7369,"(2, 1, 2)"
7370,"(2, 0, 1)"
7371,"(1, 1, 2)"
7372,"(0, 1, 1)"
7373,"(1, 1, 2)"
7374,"(0, 1, 2)"
7375,"(1, 0, 1)"
7376,"(1, 0, 2)"
7377,"(2, 1, 1)"
7378,"(0, 1, 2)"
7379,"(2, 0, 2)"
7381,"(1, 0, 1)"
7382,"(0, 1, 2)"
7383,"(2, 1, 1)"
7384,"(1, 1, 2)"
7385,"(2, 0, 2)"
7386,"(1, 0, 1)"
7387,"(2, 1, 1)"
7388,"(0, 1, 2)"
7389,"(2, 1, 1)"
7390,"(1, 0, 2)"
7391,"(2, 0, 2)"
7393,"(0, 1, 2)"
7396,"(2, 0, 1)"
7397,"(1, 0, 1)"
7399,"(0, 1, 2)"
7400,"(0, 1, 2)"
7401,"(1, 0, 1)"
7402,"(1, 0, 2)"
7403,"(0, 1, 2)"
7406,"(0, 0, 2)"
7407,"(0, 1, 2)"
7408,"(0, 1, 1)"
7410,"(1, 1, 2)"
7411,"(1, 1, 2)"
7412,"(1, 0, 1)"
7413,"(2, 1, 2)"
7414,"(0, 1, 2)"
7415,"(0, 1, 1)"
7416,"(2, 1, 2)"
7417,"(2, 1, 2)"
7418,"(2, 1, 1)"
7420,"(2, 0, 1)"
7421,"(0, 1, 1)"
7422,"(1, 0, 0)"
7424,"(0, 1, 2)"
7425,"(1, 0, 1)"
7427,"(2, 0, 2)"
7428,"(0, 1, 1)"
7431,"(1, 0, 1)"
7432,"(2, 1, 1)"
7433,"(0, 0, 2)"
7434,"(1, 1, 2)"
7435,"(2, 1, 2)"
7436,"(0, 1, 1)"
7437,"(1, 1, 1)"
7438,"(2, 0, 1)"
7441,"(2, 0, 1)"
7442,"(1, 1, 2)"
7443,"(1, 1, 1)"
